Price,Close,High,Low,Open,Volume,5_Month_MA,10_Month_MA,20_Month_MA,30_Month_MA,60_Month_MA,120_Month_MA,233_Month_MA,5_Month_MA_Slope,10_Month_MA_Slope,20_Month_MA_Slope,30_Month_MA_Slope,60_Month_MA_Slope,120_Month_MA_Slope,233_Month_MA_Slope
Ticker,399001.SZ,399001.SZ,399001.SZ,399001.SZ,399001.SZ,,,,,,,,,,,,,,
Date,,,,,,,,,,,,,,,,,,,
1997-08-01,4398.6806640625,4468.8200144043885,4168.043113168006,4190.712780878945,0,,,,,,,,,,,,,,
1997-09-01,3916.916015625,4538.868998644646,3661.3588242207925,4375.790750154125,0,,,,,,,,,,,,,,
1997-10-01,4523.26953125,4755.206893809589,3853.8570523851163,3963.5760472940506,0,,,,,,,,,,,,,,
1997-11-01,4268.4423828125,4724.7370721881625,4131.723700659595,4540.189336381233,0,,,,,,,,,,,,,,
1997-12-01,4184.79296875,4323.921781424219,4073.0544742694046,4250.092530280667,0,4258.4203125,,,,,,,,,,,,,
1998-01-01,4165.23291015625,4336.271024377624,3841.696756268992,4199.4625054095,0,4211.73076171875,,,,,,,-46.689550781250546,,,,,,
1998-02-01,4081.64404296875,4297.121600373877,4005.7349844632517,4265.302133967757,0,4244.6763671875,,,,,,,32.94560546874982,,,,,,
1998-03-01,4063.24462890625,4116.703992390662,3817.077458155218,4054.0147515890967,0,4152.67138671875,,,,,,,-92.00498046874964,,,,,,
1998-04-01,4180.9033203125,4317.801687793929,4040.8248127045727,4060.804569166449,0,4135.16357421875,,,,,,,-17.5078125,,,,,,
1998-05-01,4185.02294921875,4273.2919800790005,4094.7541848974497,4199.272789611198,0,4135.2095703125,4196.81494140625,,,,,,0.0459960937496362,,,,,,
1998-06-01,3737.09814453125,4223.462584280779,3735.6482095569568,4197.093249952879,0,4049.5826171875,4130.656689453125,,,,,,-85.62695312499955,-66.15825195312482,,,,,
1998-07-01,3743.968017578125,3868.066723348521,3549.9601837961873,3820.6971374563,0,3982.047412109375,4113.361889648438,,,,,,-67.53520507812527,-17.2947998046875,,,,,
1998-08-01,3255.463623046875,3743.728186649508,2978.5568051285286,3741.058294608212,0,3820.4912109375,3986.581298828125,,,,,,-161.55620117187482,-126.78059082031268,,,,,
1998-09-01,3283.333251953125,3437.4814235226777,3168.0044687386007,3244.1034678153915,0,3640.977197265625,3888.0703857421877,,,,,,-179.5140136718751,-98.51091308593732,,,,,
1998-10-01,3112.505126953125,3285.813241597674,3057.915651377553,3284.2932391158715,0,3426.4736328125,3780.8416015625,,,,,,-214.5035644531249,-107.22878417968786,,,,,
1998-11-01,3201.26416015625,3421.731659246494,3081.0755661580233,3119.9349937947345,0,3319.3068359375,3684.4447265625,,,,,,-107.16679687499982,-96.39687499999991,,,,,
1998-12-01,2949.286865234375,3222.1436566889197,2902.3972563996913,3209.1237837356357,0,3160.37060546875,3571.2090087890624,,,,,,-158.93623046875018,-113.2357177734375,,,,,
1999-01-01,2920.357177734375,2987.2265458282554,2823.5982518954575,2945.206997014418,0,3093.34931640625,3456.920263671875,,,,,,-67.02128906249982,-114.28874511718732,,,,,
1999-02-01,2755.269287109375,2942.2972282978562,2698.129788335235,2917.9073638843047,0,2987.7365234375,3314.3568603515623,,,,,,-105.61279296875,-142.56340332031277,,,,,
1999-03-01,2872.11767578125,2949.256946959718,2744.129121640937,2760.5190744564147,0,2939.659033203125,3183.0663330078123,3689.940637207031,,,,,-48.07749023437509,-131.29052734375,,,,,
1999-04-01,2793.4287109375,2987.376492421583,2739.5894694854173,2870.887805342523,0,2858.091943359375,3088.6993896484373,3609.6780395507812,,,,,-81.56708984375018,-94.366943359375,-80.26259765624991,,,,
1999-05-01,3270.3134765625,3352.522516920063,2521.051847291256,2793.17868281718,0,2922.297265625,3041.333935546875,3577.3479125976564,,,,,64.205322265625,-47.365454101562136,-32.33012695312482,,,,
1999-06-01,4702.71728515625,4895.98513745975,3239.393606387191,3277.523305769245,0,3278.769287109375,3186.0593017578126,3586.3203002929686,,,,,356.4720214843751,144.7253662109374,8.972387695312136,,,,
1999-07-01,4045.304931640625,4669.7178819163155,3628.5095363522587,4669.7178819163155,0,3536.776416015625,3262.2564697265625,3575.163427734375,,,,,258.0071289062498,76.19716796874991,-11.156872558593477,,,,
1999-08-01,4154.15380859375,4225.282897154237,3861.106787889427,4075.0943886642126,0,3793.183642578125,3366.421337890625,3573.6314697265625,,,,,256.4072265625,104.16486816406268,-1.531958007812591,,,,
1999-09-01,3967.795654296875,4318.341777513556,3951.8456376015783,4158.203434113493,0,4028.05703125,3443.0744873046874,3563.7596069335937,,,,,234.8733886718751,76.65314941406223,-9.871862792968841,,,,
1999-10-01,3741.96826171875,3967.225758352282,3598.699840591426,3963.035863691463,0,4122.38798828125,3522.342626953125,3546.7758178710938,,,,,94.33095703124991,79.26813964843768,-16.98378906249991,,,,
1999-11-01,3533.9404296875,3811.2774137073593,3525.7205509787455,3742.578231395737,0,3888.6326171875,3583.7009521484374,3520.3106079101562,,,,,-233.75537109375,61.35832519531232,-26.4652099609375,,,,
1999-12-01,3369.572509765625,3632.479488361571,3284.7533878171616,3530.310706484814,0,3753.4861328125,3645.1312744140623,3479.7440673828123,,,,,-135.146484375,61.43032226562491,-40.56654052734393,,,,
2000-01-01,3952.365478515625,3952.365478515625,3360.172184945728,3374.072175162541,0,3713.128466796875,3753.1560546875,3468.111193847656,3711.012443033854,,,,-40.357666015625,108.0247802734375,-11.63287353515625,,,,
2000-02-01,4484.10986328125,4685.437683349674,4039.824807239934,4102.603888277316,0,3816.39130859375,3922.224169921875,3505.461779785156,3713.8600830078126,,,,103.26284179687536,169.068115234375,37.3505859375,2.847639973958394,,,
2000-03-01,4532.25927734375,4635.6082170370455,4100.733838890268,4468.920143270801,0,3974.44951171875,4048.41875,3544.8763427734375,3734.3715250651044,,,,158.05820312499964,126.194580078125,39.41456298828143,20.511442057291788,,,
2000-04-01,4683.1171875,4685.327123552453,4381.80075626354,4523.859215203951,0,4204.28486328125,4046.458740234375,3616.2590209960936,3739.6997802734377,,,,229.83535156250036,-1.960009765624818,71.38267822265607,5.328255208333303,,,
2000-05-01,4643.1083984375,4736.667414107076,4275.812199805162,4708.47729866137,0,4458.992041015625,4106.239086914063,3684.2477783203126,3752.1886474609373,,,,254.70717773437445,59.78034667968768,67.98875732421902,12.488867187499636,,,
2000-06-01,4830.61572265625,4874.995107534713,4664.947659566984,4664.957425082415,0,4634.64208984375,4173.885278320313,3770.1533081054686,3773.716072591146,,,,175.65004882812536,67.64619140625018,85.90552978515598,21.527425130208485,,,
2000-07-01,4894.0751953125,4905.454950965044,4697.907465459955,4806.416506861705,0,4716.63515625,4266.513232421875,3854.7938598632813,3798.0108154296877,,,,81.99306640625036,92.62795410156195,84.64055175781277,24.29474283854188,,,
2000-08-01,4826.24560546875,5062.2331896796795,4706.996944643086,4900.485006127888,0,4775.432421875,4374.940966796875,3948.641796875,3822.8308675130206,,,,58.797265624999454,108.427734375,93.84793701171884,24.82005208333294,,,
2000-09-01,4523.60986328125,4842.306027085588,4423.960580545395,4800.536471943397,0,4743.53095703125,4473.90791015625,4028.8044311523436,3838.176375325521,,,,-31.901464843749636,98.96694335937536,80.16263427734339,15.345507812500273,,,
2000-10-01,4573.1689453125,4654.657777839685,4448.15032735771,4534.799258285331,0,4729.54306640625,4594.267553710937,4119.6994140625,3851.2518961588544,,,,-13.987890625000546,120.35964355468695,90.89498291015661,13.075520833333485,,,
2000-11-01,4831.3056640625,5010.983824153463,4572.548801259384,4573.178677005725,0,4729.6810546875,4682.161572265625,4217.6588134765625,3872.7946533203126,,,,0.1379882812507276,87.89401855468805,97.95939941406232,21.542757161458212,,,
2000-12-01,4752.69677734375,4869.865387116393,4652.177883464479,4836.585974636713,0,4701.40537109375,4709.020263671875,4315.622216796875,3906.647941080729,,,,-28.275683593750728,26.858691406249818,97.96340332031286,33.853287760416606,,,
2001-01-01,4743.31689453125,4849.19558932585,4610.228055830863,4756.126809390624,0,4684.81962890625,4730.126025390625,4389.272387695312,3939.9595703125,,,,-16.585742187499818,21.105761718749818,73.65017089843695,33.311629231770894,,,
2001-02-01,4453.09033203125,4764.596613677293,4318.471720458364,4754.187062132065,0,4670.71572265625,4707.12333984375,4376.791040039063,3979.8804606119793,,,,-14.103906249999454,-23.002685546875,-12.481347656249454,39.9208902994792,,,
2001-03-01,4965.9345703125,5037.453299896071,4455.099964319125,4455.099964319125,0,4749.26884765625,4739.40595703125,4422.822521972656,4035.9671712239583,,,,78.55312499999945,32.282617187500364,46.03148193359357,56.086710611979015,,,
2001-04-01,4802.53564453125,5091.402501699639,4764.966244303552,4976.923813184961,0,4743.51484375,4736.59794921875,4455.241613769531,4092.301521809896,,,,-5.754003906249636,-2.808007812500364,32.419091796874454,56.3343505859375,,,
2001-05-01,4857.416015625,4929.204765384855,4784.846512858065,4810.856476544224,0,4764.45869140625,4732.93203125,4499.722631835937,4147.506583658854,,,,20.94384765625,-3.6659179687494543,44.48101806640625,55.20506184895794,,,
2001-06-01,4716.84716796875,4874.745305010536,4632.158173385884,4862.135582706044,0,4759.16474609375,4721.9921875,4548.466577148438,4206.425260416667,,,,-5.2939453125,-10.939843750000364,48.74394531250073,58.918676757813046,,,
2001-07-01,4058.964599609375,4733.277124016015,4043.754808833245,4720.327073583767,0,4680.339599609375,4675.527661132813,4574.717785644531,4244.378841145834,,,,-78.82514648437518,-46.46452636718732,26.251208496093568,37.95358072916679,,,
2001-08-01,3860.1767578125,4177.913191134691,3782.4976957529907,4069.054546475541,0,4459.188037109375,4604.228442382812,4599.247998046875,4281.209090169271,,,,-221.15156250000018,-71.29921875000036,24.53021240234375,36.83024902343732,,,
2001-09-01,3498.5908203125,3993.1753860627573,3468.9312393585647,3861.9268514801624,0,4198.399072265625,4470.956958007812,4576.559265136719,4302.091528320312,,,,-260.78896484374945,-133.271484375,-22.688732910156432,20.882438151041242,,,
2001-10-01,3438.49169921875,3615.11961309768,3124.5352380645086,3490.231112695659,0,3914.614208984375,4339.536450195313,4524.278356933593,4323.5936279296875,,,,-283.7848632812502,-131.42050781249964,-52.280908203125364,21.502099609375364,,,
2001-11-01,3513.71044921875,3514.000485016569,3146.72458982488,3445.9211732011468,0,3673.986865234375,4216.5758056640625,4473.350915527344,4331.706860351563,,,,-240.62734375000036,-122.96064453125018,-50.92744140624927,8.113232421875182,,,
2001-12-01,3325.62255859375,3613.679381722605,3245.463546833361,3521.2404785935346,0,3527.31845703125,4103.829028320312,4405.476184082031,4285.803702799479,,,,-146.66840820312473,-112.74677734375018,-67.87473144531305,-45.90315755208394,,,
2002-01-01,2982.66650390625,3319.21277874468,2661.880062104561,3319.172740131168,0,3351.81640625,3905.5022216796874,4322.454089355469,4250.382421875,,,,-175.5020507812501,-198.3268066406249,-83.0220947265625,-35.421280924479106,,,
2002-02-01,3029.4560546875,3104.3353428532164,2944.2270289424846,2987.6364547854873,0,3257.989453125,3728.1942626953123,4232.396105957031,4212.892496744792,,,,-93.82695312499982,-177.3079589843751,-90.0579833984375,-37.489925130207666,,,
2002-03-01,3173.8642578125,3393.4018313272436,2969.7767060966025,3022.3161551073927,0,3205.06396484375,3559.8390869140626,4146.385559082031,4186.428116861979,,,,-52.92548828125018,-168.35517578124973,-86.01054687499982,-26.464379882812864,,,
2002-04-01,3253.423583984375,3275.8732841432266,3082.295614576005,3161.0647533792476,0,3153.006591796875,3413.496728515625,4067.7444580078127,4170.143294270833,,,,-52.057373046875,-146.34235839843768,-78.64110107421857,-16.284822591145712,,,
2002-05-01,3036.966064453125,3266.9735040786554,3014.6362358452184,3254.983647820861,0,3095.27529296875,3311.296875,3993.4122680664063,4153.577482096354,,,,-57.73129882812509,-102.19985351562491,-74.33218994140634,-16.565812174479106,,,
2002-06-01,3551.290283203125,3575.830047278813,2948.676918758951,3027.996098286296,0,3209.000048828125,3280.4082275390624,3942.3183349609376,4159.634741210937,,,,113.72475585937491,-30.88864746093759,-51.09393310546875,6.057259114582848,,,
2002-07-01,3405.661865234375,3586.0199556894363,3389.83220827501,3556.490256626835,0,3284.2412109375,3271.11533203125,3871.0361450195314,4141.411287434896,3926.211865234375,,,75.24116210937518,-9.292895507812318,-71.28218994140616,-18.223453776041424,,,
2002-08-01,3436.8017578125,3499.6409007279954,3349.2526854046114,3398.8920243634493,0,3336.8287109375,3270.946337890625,3805.2413940429688,4106.5010172526045,3910.1805501302083,,,52.58750000000009,-0.16899414062527285,-65.79475097656268,-34.91027018229124,-16.03131510416688,,
2002-09-01,3243.8935546875,3465.0312115732827,3236.183680208368,3438.1413763965706,0,3334.922705078125,3243.9646484375,3730.270227050781,4063.5554931640627,3898.9635091145833,,,-1.906005859375,-26.981689453125,-74.97116699218759,-42.94552408854179,-11.217041015625,,
2002-10-01,3036.14599609375,3227.4238874434195,2989.746612364211,3227.4238874434195,0,3334.75869140625,3215.0169921875,3659.4230102539063,4008.656453450521,3874.178116861979,,,-0.1640136718751819,-28.94765624999991,-70.84721679687482,-54.8990397135417,-24.785392252604197,,
2002-11-01,2920.687255859375,3189.1041711757557,2757.67907196102,3035.806083591986,0,3208.6380859375,3208.8190673828126,3557.16064453125,3951.2424153645834,3851.7155314127604,,,-126.12060546875,-6.197924804687318,-102.26236572265634,-57.41403808593759,-22.46258544921875,,
2002-12-01,2759.269287109375,2938.8173342457644,2738.5195184382096,2919.057544772189,0,3079.3595703125,3181.800390625,3454.9973266601564,3882.1975341796874,3827.9568033854166,,,-129.27851562499973,-27.0186767578125,-102.16331787109357,-69.04488118489598,-23.75872802734375,,
2003-01-01,3051.185791015625,3069.095502498626,2673.2200543223735,2743.1792315701937,0,3002.236376953125,3169.5325439453127,3364.6858154296874,3820.767887369792,3809.3893513997396,,,-77.12319335937536,-12.267846679687409,-90.31151123046902,-61.42964680989553,-18.567451985677053,,
2003-02-01,3057.205810546875,3082.3256468935647,2980.8267816550792,3048.775973152181,0,2964.898828125,3149.9107666015625,3281.703747558594,3761.7998942057293,3792.315380859375,,,-37.33754882812491,-19.621777343750182,-82.98206787109348,-58.96799316406259,-17.07397054036437,,
2003-03-01,3101.825439453125,3102.055417351496,2954.0470618211416,3058.2358387475288,0,2978.034716796875,3156.3967041015626,3233.846789550781,3714.407080078125,3776.2917277018228,,,13.135888671874909,6.485937500000091,-47.856958007812864,-47.3928141276042,-16.023653157552417,,
2003-04-01,3260.71337890625,3525.8305185613826,3092.5951498557038,3105.245154267795,0,3046.03994140625,3127.339013671875,3203.8736206054687,3670.6585611979167,3760.9552286783855,,,68.00522460937509,-29.057690429687682,-29.97316894531241,-43.748518880208394,-15.336499023437227,,
2003-05-01,3503.65087890625,3521.090625875286,3191.394350515072,3264.903540720518,0,3194.916259765625,3137.1379150390626,3204.1266235351563,3626.4034016927085,3749.5990275065105,,,148.8763183593751,9.798901367187682,0.2530029296876819,-44.25515950520821,-11.356201171875,,
2003-06-01,3224.77392578125,3514.8307343585584,3202.874024679974,3502.640685398236,0,3229.63388671875,3115.9351318359377,3193.4407348632812,3575.4726399739584,3741.0602905273436,,,34.71762695312509,-21.20278320312491,-10.685888671875091,-50.93076171875009,-8.53873697916697,,
2003-07-01,3318.3828125,3459.6012039621082,3206.8940690408836,3223.0340252669894,0,3281.869287109375,3123.3840576171874,3183.674353027344,3527.9748372395834,3733.9672037760415,,,52.23540039062482,7.448925781249727,-9.766381835937409,-47.497802734375,-7.093086751302053,,
2003-08-01,3192.33447265625,3376.012353411538,3143.3547949374556,3319.1829098249596,0,3299.97109375,3139.0029052734376,3177.0099487304688,3485.949641927083,3732.9150512695314,,,18.101806640625,15.618847656250182,-6.664404296875091,-42.02519531250027,-1.0521525065100832,,
2003-09-01,3054.86572265625,3272.503424312609,3012.1262106174154,3194.2242708503027,0,3258.8015625,3152.420751953125,3180.619909667969,3422.247347005208,3729.1072591145835,,,-41.16953125000009,13.4178466796875,3.609960937500091,-63.70229492187491,-3.807792154947947,,
2003-10-01,3167.3046875,3236.6737852210385,3046.6759087928785,3056.1457736530397,0,3191.53232421875,3193.2242919921873,3187.512341308594,3367.7396484375,3730.020585123698,,,-67.26923828124973,40.80354003906223,6.892431640625091,-54.5076985677083,0.9133260091143711,,
2003-11-01,3267.9033203125,3379.0622308827824,3097.455279231922,3161.4946006507944,0,3200.158203125,3214.896044921875,3192.2142944335938,3314.755891927083,3731.131237792969,,,8.625878906249909,21.6717529296875,4.701953124999818,-52.9837565104167,1.1106526692710759,,
2003-12-01,3479.760986328125,3557.849953480482,3274.8033261689347,3274.8033261689347,0,3232.433837890625,3257.1515625,3203.5311645507813,3273.5196858723957,3739.9724731445312,,,32.275634765625,42.255517578125364,11.316870117187591,-41.2362060546875,8.841235351562318,,
2004-01-01,3716.828369140625,3825.4870607771395,3471.6909858465565,3473.3110848368297,0,3337.3326171875,3318.65185546875,3237.524279785156,3262.1151448567707,3753.246993001302,,,104.89877929687509,61.50029296874982,33.99311523437473,-11.404541015625,13.274519856770894,,
2004-02-01,3919.8759765625,4007.465082500978,3711.2884712648283,3803.6472991210862,295800,3510.33466796875,3384.568115234375,3255.953564453125,3264.105118815104,3772.6571044921875,,,173.0020507812501,65.916259765625,18.429284667969114,1.989973958333394,19.410111490885356,,
2004-03-01,4060.094482421875,4096.954177586222,3818.377215207282,3925.726112219013,582000,3688.892626953125,3440.2124755859377,3288.6751953125,3282.8219075520833,3792.456717936198,,,178.55795898437464,55.64436035156268,32.72163085937473,18.716788736979197,19.799613444010447,,
2004-04-01,3613.12939453125,4187.183014144872,3572.969932878011,4067.4543766348474,490600,3757.937841796875,3479.0480224609373,3297.4915771484375,3288.6431640625,3806.1183959960936,,,69.04521484375027,38.835546874999636,8.816381835937591,5.821256510416788,13.661678059895621,,
2004-05-01,3577.609619140625,3636.898990616091,3406.871551384384,3626.2692274927,186500,3777.507568359375,3504.970703125,3314.177380371094,3290.7731363932294,3811.239998372396,,,19.56972656249991,25.922680664062682,16.685803222656432,2.129972330729288,5.121602376302235,,
2004-06-01,3275.813232421875,3640.9790448064055,3217.53385898741,3582.4296548793923,285500,3689.304541015625,3513.3185791015626,3326.1607421875,3289.112825520833,3787.4582641601564,,,-88.20302734374991,8.347875976562591,11.983361816406159,-1.6603108723961668,-23.78173421223937,,
2004-07-01,3283.333251953125,3463.0011565186096,3248.4234876696246,3274.463234358098,308000,3561.99599609375,3536.16533203125,3344.2930419921877,3299.135050455729,3774.7587361653646,,,-127.30854492187518,22.846752929687227,18.13229980468759,10.022224934895803,-12.699527994791879,,
2004-08-01,3175.75439453125,3360.0723941132956,3094.5553547339186,3277.3430980539947,230700,3385.127978515625,3537.010302734375,3365.117297363281,3304.0116617838544,3758.452079264323,,,-176.8680175781251,0.844970703125,20.824255371093386,4.876611328125364,-16.306656901041606,,
2004-09-01,3453.87109375,3649.8388619542343,2996.04640529735,3176.714296630114,486500,3353.276318359375,3555.607080078125,3385.2515625,3313.345222981771,3749.886669921875,,,-31.851660156249636,18.59677734375009,20.134265136719023,9.333561197916424,-8.565409342447765,,
2004-10-01,3216.31396484375,3587.8395761956385,3187.4141430266354,3466.051149473024,391400,3281.0171875,3529.2623779296873,3393.2069702148438,3312.1082356770835,3741.125764973958,,,-72.25913085937509,-26.34470214843759,7.955407714843659,-1.236987304687318,-8.76090494791697,,
2004-11-01,3225.973876953125,3319.48283936315,3089.455386509588,3198.2041684590095,314900,3271.04931640625,3480.1769287109373,3399.4143920898437,3318.40849609375,3735.992989095052,,,-9.967871093750091,-49.08544921875,6.207421874999909,6.300260416666333,-5.132775878906159,,
2004-12-01,3067.535888671875,3249.8837103965807,3062.1858506278463,3227.6539776202285,268500,3227.88984375,3394.942919921875,3389.755517578125,3302.283349609375,3730.9590454101562,,,-43.15947265624982,-85.2340087890625,-9.65887451171875,-16.12514648437491,-5.033943684895803,,
2005-01-01,3045.44580078125,3150.1846155095773,2936.337162049514,3051.205745901783,250200,3201.828125,3293.4780517578124,3366.845263671875,3290.2761474609374,3715.843717447917,,,-26.061718750000182,-101.46486816406241,-22.91025390625009,-12.0072021484375,-15.115327962239462,,
2005-02-01,3376.2822265625,3431.79161417191,3042.6958775497333,3045.075977826394,291800,3186.3103515625,3269.7933349609375,3374.4206787109374,3288.258829752604,3697.379923502604,,,-15.517773437500182,-23.68471679687491,7.575415039062591,-2.017317708333394,-18.463793945312773,,
2005-03-01,3170.314697265625,3481.401067360777,3113.865132280661,3373.6322511984517,432000,3177.110498046875,3229.0638427734375,3367.0172729492188,3285.806201171875,3674.6808471679688,,,-9.199853515624909,-40.7294921875,-7.403405761718659,-2.452628580729197,-22.699076334635265,,
2005-04-01,3156.634521484375,3422.641548087842,3127.714923931067,3168.744493097773,489800,3163.242626953125,3217.1459716796876,3365.232275390625,3289.8224853515626,3649.239469401042,,,-13.867871093749727,-11.917871093749909,-1.784997558593659,4.016284179687773,-25.441377766926962,,
2005-05-01,2801.628662109375,3168.804742325548,2756.179217890884,3159.3148579434906,257500,3110.061181640625,3168.9755126953123,3352.570422363281,3285.853865559896,3618.5481404622396,,,-53.18144531250027,-48.17045898437527,-12.661853027344023,-3.968619791666697,-30.691328938802144,,
2005-06-01,2760.19921875,2989.086804574781,2590.5011588198718,2801.088899763648,659000,3053.011865234375,3127.4199951171877,3332.2151489257812,3285.88486328125,3584.0411987304688,,,-57.04931640625,-41.555517578124636,-20.355273437499818,0.030997721354196983,-34.506941731770894,,
2005-07-01,2887.53759765625,2929.126973728778,2636.2303650421686,2749.8990086997746,453600,2955.262939453125,3070.7866455078124,3313.1968627929687,3280.429923502604,3550.598905436198,,,-97.74892578124991,-56.63334960937527,-19.01828613281259,-5.454939778645894,-33.44229329427071,,
2005-08-01,2950.396728515625,3147.5346466869923,2869.9076440879526,2886.7075038540984,791300,2911.279345703125,3044.194921875,3286.728649902344,3276.869620768229,3519.334757486979,,,-43.98359375000018,-26.591723632812318,-26.468212890624727,-3.560302734375,-31.264147949219023,,
2005-09-01,2903.07763671875,3075.045683972313,2841.168172921406,2957.506959571528,521400,2860.56796875,3011.9052978515624,3246.04111328125,3270.244694010417,3492.325887044271,,,-50.71137695312473,-32.28962402343768,-40.68753662109384,-6.624926757812318,-27.00887044270803,,
2005-10-01,2662.26025390625,2902.7175246269053,2609.9707998540084,2902.177491606252,305500,2832.694287109375,2971.377734375,3183.1603271484373,3250.2962565104167,3460.4774088541667,,,-27.87368164062491,-40.52756347656259,-62.88078613281277,-19.948437500000182,-31.848478190104288,,
2005-11-01,2676.820068359375,2752.109018669292,2593.30098576795,2667.5201238605614,371400,2816.01845703125,2934.5151611328124,3113.9966064453124,3222.7352294921875,3424.5693155924478,,,-16.675830078125273,-36.86257324218741,-69.16372070312491,-27.561027018229197,-35.90809326171893,,
2005-12-01,2863.578125,2898.127543815685,2634.6505060407985,2675.200101982979,523300,2811.2265625,2883.2447509765625,3076.51904296875,3210.6953694661456,3393.0840047200522,,,-4.791894531249909,-51.27041015624991,-37.47756347656241,-12.039860026041879,-31.48531087239553,,
2006-01-01,3242.313720703125,3242.7736764801775,2873.497790252962,2873.497790252962,636700,2869.6099609375,2890.4446533203127,3059.754248046875,3208.159733072917,3368.06728515625,,,58.38339843750009,7.199902343750182,-16.76479492187491,-2.5356363932287422,-25.016719563802326,,
2006-02-01,3351.602294921875,3401.401785108506,3249.673506699593,3249.783612886317,642400,2959.314892578125,2909.9414306640624,3063.543701171875,3213.4686604817707,3349.709151204427,,,89.70493164062509,19.496777343749727,3.789453124999909,5.308927408853833,-18.358133951822765,,
2006-03-01,3516.3603515625,3577.309861336407,3160.4344232512058,3355.5323265150378,811700,3130.134912109375,2981.414599609375,3075.1950561523436,3228.851814778646,3325.5495808919272,,,170.82001953124973,71.47316894531241,11.651354980468568,15.383154296875091,-24.15957031249991,,
2006-04-01,3848.056884765625,3875.2965691039244,3524.12033695983,3524.12033695983,1399100,3364.382275390625,3090.2003662109373,3108.8101806640625,3251.5435546875,3309.6416015625,,,234.24736328125027,108.7857666015625,33.61512451171893,22.691739908854288,-15.907979329427235,,
2006-05-01,4292.0517578125,4463.029812616574,3872.7564313576613,3872.7564313576613,1798100,3650.077001953125,3230.6517822265623,3150.7192138671876,3285.6818359375,3300.2188639322917,,,285.6947265624999,140.451416015625,41.90903320312509,34.13828125000009,-9.422737630208303,,
2006-06-01,4301.61181640625,4360.950993325615,3904.2761936191123,4272.30208718386,1219400,3861.93662109375,3365.773291015625,3204.9841064453126,3313.076863606771,3293.298274739583,,,211.859619140625,135.12150878906277,54.264892578125,27.395027669270803,-6.920589192708576,,
2006-07-01,3946.85546875,4403.880597010778,3936.7056806722935,4302.1517618025455,935700,3980.987255859375,3470.15107421875,3241.028186035156,3320.74443359375,3291.4297892252603,,,119.05063476562509,104.37778320312509,36.04407958984348,7.667569986978833,-1.868485514322856,,
2006-08-01,4178.79296875,4216.152901232912,3766.787824732548,3941.445777641837,595600,4113.473779296875,3621.804345703125,3296.5910400390626,3329.375,3296.740059407552,,,132.48652343750018,151.65327148437473,55.56285400390652,8.630566406250182,5.310270182291788,,
2006-09-01,4326.7314453125,4344.57157802719,4067.14450176383,4183.493299528285,641500,4209.20869140625,3786.7954833984377,3360.655322265625,3338.262898763021,3310.542403157552,,,95.73491210937482,164.99113769531277,64.06428222656223,8.887898763020985,13.802343750000091,,
2006-10-01,4621.92822265625,4633.618033156309,4315.921883786913,4366.221125207616,760000,4275.183984375,3962.6304931640625,3422.9376220703125,3371.8895263671875,3330.2663452148436,,,65.97529296875018,175.83500976562482,62.28229980468768,33.626627604166515,19.723942057291424,,
2006-11-01,5666.9365234375,5666.9365234375,4582.788510960205,4630.307998215561,1426000,4548.24892578125,4205.0927734375,3547.7687133789063,3441.533756510417,3366.153446451823,,,273.06494140625,242.4622802734375,124.83109130859384,69.64423014322938,35.88710123697956,,
2006-12-01,6647.0654296875,6687.2046269965585,5629.306848846437,5692.406237322367,1647000,5088.29091796875,4534.639086914062,3722.2902587890626,3553.908829752604,3421.5108276367187,,,540.0419921875,329.5463134765623,174.52154541015625,112.37507324218723,55.35738118489553,,
2007-01-01,7632.8544921875,8463.725561743555,6584.986340178336,6730.044774854071,2149500,5779.10322265625,4946.288500976562,3963.8515502929686,3698.89287109375,3499.0139607747396,,,690.8123046874998,411.6494140625,241.56129150390598,144.9840413411457,77.50313313802098,,
2007-02-01,8039.60986328125,8740.811945601567,6985.701294707287,7513.35552230167,1244700,6521.67890625,5365.443798828125,4227.822082519531,3861.02138671875,3582.516524251302,,,742.57568359375,419.15529785156286,263.9705322265627,162.1285156250001,83.5025634765625,,
2007-03-01,8549.1044921875,8681.112780043022,7582.544999857495,8075.259698996473,1928300,7307.11416015625,5791.149072265625,4510.900427246093,4030.8625,3672.1038614908853,,,785.4352539062502,425.7052734375002,283.07834472656214,169.84111328125027,89.58733723958312,,
2007-04-01,10865.7578125,10893.10809117342,8571.443744001037,8575.673188673247,2570200,8346.87841796875,6447.563671875,4906.668481445313,4285.843961588542,3798.9760986328124,,,1039.7642578124996,656.4145996093748,395.7680541992195,254.9814615885416,126.87223714192714,,
2007-05-01,12944.0859375,13458.189572114676,11024.93646792763,11100.475663533556,2404600,9606.28251953125,7347.28671875,5408.718896484375,4609.781030273438,3964.094763183594,,,1259.4041015625007,899.7230468749995,502.0504150390625,323.9370686848961,165.11866455078143,,
2007-06-01,12546.3095703125,14575.836627096263,10652.071036213181,12954.624329664135,2314300,10588.97353515625,8184.03837890625,5902.921362304687,4925.740152994792,4114.011751302083,,,982.6910156249996,836.7516601562502,494.2024658203118,315.9591227213541,149.91698811848937,,
2007-07-01,15199.3896484375,15257.369469000958,11654.32967113012,12492.570300002551,1457300,12020.9294921875,9271.30419921875,6529.049841308593,5330.871614583333,4310.5738810221355,4118.392873128255,,1431.9559570312504,1087.2658203125002,626.1284790039062,405.13146158854124,196.56212972005233,,
2007-08-01,17871.908203125,18128.47562762058,14603.395189858084,15259.17784722271,2039600,13885.490234375,10596.302197265624,7279.466345214843,5814.059147135416,4551.15898844401,4230.669769287109,,1864.5607421874993,1324.9979980468743,750.41650390625,483.1875325520832,240.58510742187445,112.27689615885447,
2007-09-01,18864.33984375,18939.68861058926,16943.91991127448,17988.138703766344,1399300,15485.206640625,11916.042529296876,8060.567651367188,6337.1933186848955,4811.499759928385,4355.231634521484,,1599.7164062499996,1319.7403320312515,781.1013061523445,523.1341715494791,260.3407714843752,124.56186523437464,
2007-10-01,19530.931640625,19599.809775427315,17933.099927256895,19287.393352673287,1057900,16802.57578125,13204.429150390624,8869.534118652344,6883.00322265625,5086.412854003906,4480.295485432943,,1317.3691406250018,1288.3866210937485,808.9664672851559,545.8099039713543,274.91309407552126,125.06385091145876,
2007-11-01,15637.4853515625,19559.201278020806,15189.250127815261,19554.361488372724,954600,17420.8109375,14004.892236328125,9475.590368652343,7310.8651123046875,5298.359488932291,4575.037510172526,,618.2351562499971,800.4630859375011,606.0562499999996,427.8618896484377,211.9466349283848,94.74202473958303,
2007-12-01,17700.419921875,17856.73847500506,15477.295529143325,15580.064880283737,1057900,17921.0169921875,14970.9732421875,10168.208520507813,7808.872469075521,5547.378666178385,4687.667734781901,,500.2060546875,966.0810058593743,692.6181518554695,498.0073567708332,249.01917724609393,112.63022460937555,
2008-01-01,15857.5322265625,19219.6752070578,15793.103261195158,17731.641103989972,1503100,17518.141796875,15701.816015625,10746.482543945312,8241.205623372396,5760.8177734375,4785.10356241862,,-402.8751953124993,730.8427734375,578.2740234374996,432.33315429687536,213.4391072591152,97.43582763671839,
2008-02-01,15823.7021484375,17476.653308785935,14907.102092274685,15837.701991189007,621500,16910.0142578125,16197.61044921875,11322.587060546875,8670.315804036458,5973.592712402344,4882.954046630859,,-608.1275390624978,495.79443359375,576.1045166015629,429.1101806640618,212.7749389648434,97.85048421223928,
2008-03-01,13301.990234375,16349.906194095856,12280.961663974253,15722.143714162296,947900,15664.2259765625,16233.40087890625,11790.343798828126,9016.946223958334,6143.595458984375,4959.943593343099,,-1245.788281250001,35.790429687500364,467.75673828125036,346.6304199218757,170.00274658203125,76.98954671223964,
2008-04-01,13504.73828125,13785.645288967773,10586.241696198851,13274.59144677685,1187300,15237.6765625,16329.24375,12256.641064453124,9378.362158203125,6314.329207356771,5037.642218017578,,-426.54941406249964,95.84287109374964,466.29726562499854,361.41593424479106,170.7337483723959,77.6986246744791,
2008-05-01,12048.1044921875,13881.013528880372,11810.477286645662,13673.43578946819,1055600,14107.2134765625,16014.115234375,12642.709716796875,9690.738305664063,6456.736767578125,5103.167897542317,,-1130.463085937501,-315.12851562499964,386.0686523437507,312.3761474609382,142.4075602213543,65.52567952473964,
2008-06-01,9370.6748046875,12160.813323016011,8888.680229629288,11999.81513508163,855900,12809.8419921875,15163.99189453125,12880.147045898437,9907.641528320313,6559.168448893229,5150.114369710286,,-1297.3714843750004,-850.1233398437507,237.43732910156177,216.90322265625036,102.43168131510356,46.94647216796875,
2008-07-01,9470.2236328125,10472.49264074647,8922.479789453233,9397.214687808033,1370100,11539.1462890625,14224.5802734375,13070.311401367188,10115.238525390625,6661.699129231771,5197.833166503906,,-1270.6957031249985,-939.41162109375,190.16435546875073,207.59699707031177,102.53068033854197,47.71879679361973,
2008-08-01,8004.15087890625,9638.792786600456,7700.873991143118,9420.614558201421,876100,10479.57841796875,13071.902197265625,13138.165673828125,10270.323478190105,6741.896069335938,5237.405560302735,,-1059.56787109375,-1152.6780761718746,67.85427246093786,155.08495279947965,80.19694010416697,39.57239379882867,
2008-09-01,7559.18505859375,7953.920368087298,6289.9390702899755,7953.920368087298,991000,9290.4677734375,12264.07216796875,13134.482202148438,10405.084301757812,6816.9680582682295,5273.037658691406,,-1189.1106445312507,-807.8300292968743,-3.6834716796875,134.76082356770712,75.07198893229179,35.63209838867169,
2008-10-01,5839.2646484375,7405.937035084573,5577.1674876125735,7405.937035084573,1184300,8048.6998046875,11077.956640625,13024.46494140625,10471.457893880208,6861.500724283854,5295.760654703776,,-1241.7679687500004,-1186.1155273437507,-110.01726074218823,66.37359212239608,44.53266601562427,22.72299601236955,
2008-11-01,6658.43505859375,6947.042172010882,5598.147150239428,5794.104912548791,1753500,7506.25185546875,10158.046923828126,12929.931469726562,10550.337337239584,6918.009586588541,5324.570412190756,,-542.4479492187493,-919.9097167968739,-94.53347167968786,78.87944335937573,56.50886230468768,28.809757486979834,
2008-12-01,6485.43701171875,7585.075066557618,6460.627719717935,6634.525671267122,1925100,6909.29453125,9224.22041015625,12710.9154296875,10623.131510416666,6968.104187011719,5354.038330078125,,-596.9573242187507,-933.8265136718765,-219.0160400390614,72.79417317708248,50.094600423177326,29.467917887369367,
2009-01-01,7015.16162109375,7103.750472099658,6514.417232533882,6557.346438960749,1379800,6711.4966796875,8595.537548828124,12414.469213867187,10725.408382161459,7023.076407877604,5388.161700439453,,-197.7978515625,-628.682861328125,-296.4462158203132,102.27687174479252,54.97222086588499,34.12337036132794,
2009-02-01,7608.13525390625,8820.571421520806,6995.761721259465,7073.791123333493,3359000,6721.28671875,8005.87724609375,12167.560498046874,10839.719791666666,7084.547395833333,5428.60225016276,,9.7900390625,-589.6603027343745,-246.90871582031286,114.31140950520785,61.47098795572947,40.44054972330741,
2009-03-01,8981.849609375,9114.937962695149,7495.735880971688,7511.576035612214,2782700,7349.8037109375,7699.2517578125,11856.68349609375,10994.890397135418,7166.576647949219,5479.516682942708,,628.5169921875004,-306.62548828125,-310.8770019531239,155.1706054687511,82.02925211588536,50.914432779947674,
2009-04-01,9502.4130859375,9793.529942056002,8815.981322169187,9032.299211492556,2874500,7918.59931640625,7712.4255859375,11438.208740234375,11157.573225911457,7264.7313761393225,5535.424886067708,,568.7956054687502,13.173828125,-418.47475585937536,162.68282877603997,98.15472819010392,55.908203125,
2009-05-01,10127.806640625,10497.052510546773,9562.843233274869,9567.522868432348,2235500,8647.0732421875,7778.18388671875,11001.382080078125,11306.268896484375,7373.9013264973955,5592.570662434896,,728.4739257812498,65.75830078125,-436.82666015625,148.69567057291715,109.16995035807304,57.145776367187864,
2009-06-01,11566.48046875,11672.56912120481,10267.624936726068,10267.624936726068,2653300,9557.33701171875,8134.416845703125,10603.159521484375,11470.249397786458,7512.079113769531,5649.768688964844,,910.2637695312496,356.2329589843748,-398.22255859375036,163.9805013020832,138.1777872721359,57.19802652994804,
2009-07-01,13670.56640625,13880.983968216464,11504.620971543523,11529.41073257995,3296800,10769.8232421875,8745.55498046875,10504.81357421875,11671.506461588542,7685.1996663411455,5729.979201253255,,1212.4862304687504,611.1381347656261,-98.345947265625,201.2570638020843,173.1205525716141,80.21051228841134,
2009-08-01,10584.970703125,13943.283489101075,10561.621356561851,13734.925482741392,2576300,11090.4474609375,9220.1255859375,10149.04111328125,11756.351822916668,7808.686604817708,5783.569342041015,,320.6242187499993,474.5706054687489,-355.7724609375,84.84536132812536,123.4869384765625,53.59014078775999,
2009-09-01,11206.724609375,12529.930553438027,10387.304061705952,10462.923335434765,2218200,11431.309765625,9674.954541015624,9916.500732421875,11844.93916015625,7937.900830078125,5843.89375,,340.8623046875,454.82895507812464,-232.54038085937464,88.58733723958176,129.21422526041715,60.32440795898492,
2009-10-01,12297.021484375,12941.233946239288,11452.200933178941,11499.570516185957,1482600,11865.152734375,10256.11298828125,9740.16669921875,11892.64794921875,8089.245955403646,5915.1858601888025,,433.8429687500011,581.158447265625,-176.33403320312573,47.70878906250073,151.3451253255207,71.29211018880233,
2009-11-01,13486.619140625,14032.443132212642,11957.44673945281,12016.476354645227,2417400,12249.18046875,10903.258740234374,9749.39814453125,11910.732389322917,8260.256709798177,5998.1248494466145,,384.02773437500036,647.145751953125,9.2314453125,18.084440104166788,171.01075439453143,82.93898925781195,
2009-12-01,13699.81640625,14096.712355048256,12635.538277964286,13474.70955051394,2002500,12255.03046875,11512.42685546875,9759.15205078125,11949.1826171875,8437.461385091146,6084.210215250651,,5.849999999998545,609.1681152343754,9.75390625,38.45022786458321,177.2046752929691,86.08536580403688,
2010-01-01,12137.064453125,13782.655423664932,11903.857100402716,13765.945649611278,1873500,12565.44921875,11827.94833984375,9763.600048828124,11847.105110677083,8588.988362630209,6152.416040039063,,310.4187500000007,315.521484375,4.447998046875,-102.07750651041715,151.5269775390625,68.20582478841152,
2010-02-01,12436.5205078125,12526.878868187563,11714.028620601208,12125.373611024697,876400,12811.4083984375,12121.35908203125,9916.892333984375,11665.925520833332,8739.992333984375,6218.6861287434895,,245.95917968749927,293.41074218749964,153.29228515625073,-181.17958984375036,151.00397135416642,66.2700887044266,
2010-03-01,12494.2099609375,12720.21817701936,11835.487831321658,12480.670073211033,1314900,12850.84609375,12357.9994140625,10068.091650390625,11453.587858072917,8895.390588378907,6285.035717773438,,39.43769531250109,236.6403320312511,151.19931640624964,-212.3376627604157,155.39825439453125,66.34958902994822,
2010-04-01,11162.4150390625,12849.566067725069,10974.027500243956,12512.270040177487,1789100,12386.0052734375,12317.59287109375,10226.004858398437,11174.6373046875,9028.820263671874,6339.029866536458,,-464.8408203125,-40.40654296875073,157.9132080078125,-278.95055338541715,133.42967529296766,53.99414876302035,
2010-05-01,10204.0556640625,11139.035429194073,9627.312122029572,10959.037444684447,1448700,11686.853125,11970.941796875,10358.248388671875,10993.522981770833,9152.194047037761,6385.37109375,,-699.1521484375007,-346.6510742187493,132.2435302734375,-181.11432291666642,123.373783365887,46.34122721354197,
2010-06-01,9386.8349609375,10407.262948721436,9335.465420928696,10123.556175461024,1009800,11136.8072265625,11851.12822265625,10535.626904296874,10716.403483072916,9262.637976074218,6423.339587402344,,-550.0458984375,-119.81357421874964,177.37851562499964,-277.11949869791715,110.44392903645712,37.96849365234357,
2010-07-01,10785.2294921875,10899.30829979475,8945.1005719968,9375.975656070124,1499200,10806.5490234375,11808.9787109375,10741.966625976562,10547.326725260416,9394.266174316406,6472.432539876302,,-330.25820312500036,-42.149511718751455,206.3397216796875,-169.07675781249964,131.62819824218786,49.092952473958576,
2010-08-01,11338.5830078125,11423.952169159063,10613.161442538583,10788.9495133794,1885200,10575.4236328125,11713.13486328125,10984.62392578125,10397.82275390625,9534.069278971354,6526.702018229166,,-231.12539062499854,-95.84384765624964,242.6572998046886,-149.50397135416642,139.80310465494767,54.2694783528641,
2010-09-01,11468.412109375,11758.878595795231,11060.536776395851,11369.262824756384,1784700,10636.623046875,11511.31416015625,11207.286450195312,10336.703483072917,9676.824853515625,6584.5753702799475,,61.19941406249927,-201.82070312500036,222.6625244140614,-61.11927083333285,142.75557454427144,57.87335205078125,
2010-10-01,13367.08984375,13863.824489456509,11577.98985539148,11594.789471069651,3081300,11269.2298828125,11478.04150390625,11495.2341796875,10332.115201822917,9855.23868001302,6657.858044433594,,632.6068359375004,-33.27265624999927,287.94772949218896,-4.588281250000364,178.41382649739535,73.28267415364644,
2010-11-01,12336.1513671875,13936.723218753948,11849.767186241792,13385.099536796804,2982700,11859.0931640625,11497.9501953125,11662.949267578126,10341.716764322917,10016.22753499349,6720.398425292969,,589.86328125,19.90869140625,167.715087890625,9.6015625,160.9888549804691,62.540380859374636,
2010-12-01,12458.41015625,12987.564381120332,11963.5856246973,12301.102349227453,2008700,12193.729296875,11500.13916015625,11810.74912109375,10444.641276041666,10176.141402180989,6784.612703450521,,334.63613281250036,2.18896484375,147.7998535156239,102.92451171874927,159.9138671874989,64.21427815755214,
2011-01-01,11994.5458984375,12790.787017038096,11377.212940516974,12578.309894854032,1546300,12324.921875,11450.17275390625,11904.086083984375,10528.7853515625,10322.011938476562,6845.039611816406,,131.19257812499927,-49.966406249999636,93.33696289062573,84.14407552083321,145.8705362955734,60.42690836588554,
2011-02-01,12902.2958984375,12936.595318903606,11764.098687561456,12044.27523652959,1467300,12611.6986328125,11624.16083984375,11970.87685546875,10692.056852213542,10481.190165201822,6915.449658203125,,286.77675781250036,173.9880859374989,66.790771484375,163.27150065104252,159.17822672526017,70.41004638671893,
2011-03-01,12562.7587890625,13232.870376501975,12447.569657733207,12910.92478657263,2291400,12450.832421875,11860.03115234375,11915.486474609375,10858.842643229167,10631.96347249349,6978.756526692709,,-160.8662109375,235.8703125000011,-55.390380859375,166.78579101562536,150.77330729166715,63.306868489583394,
2011-04-01,12312.8515625,13142.281674277207,12138.71289871385,12559.638822153373,2233800,12446.1724609375,12152.6328125,12001.880517578125,11074.628873697917,10773.043383789063,7041.342492675782,,-4.659960937500728,292.60166015624964,86.39404296875,215.78623046874964,141.07991129557377,62.58596598307304,
2011-05-01,11665.0087890625,12423.320594735738,11404.931628512215,12314.562049176282,1188800,12287.4921875,12240.6107421875,12024.7947265625,11241.514664713543,10895.926000976562,7098.072432454427,,-158.68027343749964,87.97792968750036,22.914208984375364,166.88579101562573,122.88261718749891,56.72993977864553,
2011-06-01,12110.7939453125,12157.423305486156,11288.493591641723,11648.729788358287,1207500,12310.741796875,12317.8318359375,12015.483349609374,11429.0265625,11026.079036458334,7159.688655598959,,23.249609374999636,77.22109375000036,-9.311376953126455,187.51189778645676,130.15303548177144,61.61622314453143,
2011-07-01,11990.2958984375,12548.840447384962,11885.76776789907,12148.834168512254,1615500,12128.341796875,12370.02021484375,11940.6671875,11594.864371744792,11160.136376953125,7225.783083089193,,-182.39999999999964,52.188378906248545,-74.816162109375,165.83780924479288,134.0573404947918,66.09442749023401,
2011-08-01,11397.3525390625,12074.81466144523,10926.34708368003,11975.14585830362,1366200,11895.260546875,12173.046484375,11825.543994140626,11721.171614583332,11280.445703125,7288.592881266276,,-233.08124999999927,-196.97373046874964,-115.12319335937354,126.30724283854033,120.309326171875,62.809798177083394,
2011-09-01,10292.21484375,11491.220950608706,10224.615991229733,11424.982434420252,916600,11491.133203125,11968.65283203125,11733.301513671875,11764.850455729167,11379.870426432291,7345.206414794922,,-404.12734375000036,-204.39365234374964,-92.24248046875073,43.67884114583467,99.42472330729106,56.61353352864626,
2011-10-01,10480.79296875,10636.980675514114,9653.401829323782,10315.844617752615,1025300,11254.2900390625,11770.89111328125,11635.51513671875,11797.463118489582,11477.51817220052,7403.892258707682,,-236.84316406250036,-197.76171875,-97.786376953125,32.61266276041533,97.64774576822856,58.68584391275999,
2011-11-01,9693.28125,10791.268971376248,9626.652112290652,10388.903353780077,1319900,10770.7875,11540.7646484375,11495.468701171874,11782.978938802084,11544.62391764323,7455.388682047526,,-483.50253906249964,-230.12646484375,-140.04643554687573,-14.484179687498909,67.10574544271003,51.496423339844114,
2011-12-01,8918.720703125,10102.236781815373,8555.02456977898,9976.408109016973,1053000,10156.4724609375,11142.40712890625,11383.283984375,11694.720279947916,11582.484838867187,7501.997833251953,,-614.3150390624996,-398.35751953124964,-112.18471679687354,-88.25865885416715,37.86092122395712,46.60915120442678,
2012-01-01,9303.546875,9503.264379411898,8486.485653506274,8980.659842592526,1093300,9737.711328125,10816.4859375,11338.258544921875,11549.152962239583,11610.329711914062,7554.671836344401,,-418.76113281250036,-325.9211914062507,-45.02543945312573,-145.56731770833358,27.844873046875364,52.67400309244749,
2012-02-01,10054.7265625,10333.803496413795,9172.966965565838,9277.685512320235,1655700,9690.213671875,10590.6734375,11371.653125,11531.478157552083,11643.914990234374,7613.215757242839,,-47.497656249999636,-225.8125,33.39458007812573,-17.6748046875,33.58527832031177,58.543920898438046,
2012-03-01,9410.154296875,10528.88199258082,9352.065104187071,10011.00791408672,1683600,9476.0859375,10365.18798828125,11302.899365234374,11471.59248046875,11658.2658203125,7665.184840901693,,-214.12773437500073,-225.48544921874964,-68.75375976562646,-59.885677083333576,14.350830078125,51.96908365885429,
2012-04-01,10180.275390625,10258.455177240568,9388.674900113578,9410.864104199154,1267500,9573.484765625,10172.1361328125,11244.983984375,11401.03427734375,11646.84111328125,7722.908605957031,,97.39882812500036,-193.05185546874964,-57.915380859374636,-70.55820312499964,-11.424707031248545,57.723765055337935,
2012-05-01,10141.2958984375,10616.160665518853,9755.479932767403,10319.364204715084,1674200,9817.9998046875,9987.2361328125,11178.628173828125,11289.523502604166,11600.127945963543,7782.111354573568,,244.51503906250036,-184.89999999999964,-66.35581054687464,-111.51077473958321,-46.71316731770821,59.202748616537065,
2012-06-01,9500.2138671875,10261.934824659204,9351.695023456983,10142.00648089843,1095500,9857.333203125,9797.522265625,10985.284375,11149.536751302083,11549.359684244791,7831.685717773437,,39.333398437498545,-189.7138671875,-193.34379882812573,-139.98675130208358,-50.76826171875109,49.57436319986937,
2012-07-01,9059.119140625,9853.621061235117,9033.8196168452,9574.983530025678,1371600,9658.21171875,9674.2126953125,10821.432763671875,11046.93857421875,11447.021842447917,7878.797861735026,,-199.12148437499854,-123.3095703125,-163.8516113281239,-102.59817708333321,-102.33784179687427,47.11214396158903,
2012-08-01,8210.8984375,9343.985379096786,8132.268945474686,9047.488693894717,1254200,9418.360546875,9447.2232421875,10609.057177734376,10906.084505208333,11286.005013020833,7918.582000732422,,-239.85117187500146,-226.9894531250011,-212.37558593749964,-140.85406901041642,-161.0168294270843,39.78413899739553,
2012-09-01,8679.1220703125,8865.550636707225,8095.42893091363,8220.21707759636,1388400,9118.1298828125,9345.80732421875,10443.285986328125,10778.914908854167,11116.251383463541,7963.875571695963,,-300.2306640624993,-101.41591796875036,-165.7711914062511,-127.16959635416606,-169.7536295572918,45.29357096354124,
2012-10-01,8469.705078125,8860.94093685437,8339.566885174268,8677.893179402832,973700,8783.81171875,9300.90576171875,10221.6564453125,10689.15791015625,10931.897607421875,8009.15523071289,,-334.3181640625007,-44.90156249999927,-221.62954101562536,-89.75699869791788,-184.3537760416657,45.279659016927326,
2012-11-01,7903.1611328125,8739.731804108833,7786.752285523141,8472.934999421113,881600,8464.401171875,9160.8671875,9988.6765625,10612.46142578125,10802.992203776043,8050.675846354166,,-319.41054687499854,-140.03857421875,-232.97988281249854,-76.69648437499927,-128.90540364583285,41.52061564127598,
2012-12-01,9116.3779296875,9119.097625659444,7660.364033181834,7903.161106939955,1936800,8475.8529296875,9067.03232421875,9828.852880859375,10603.44619140625,10659.924837239583,8103.651751708984,,11.451757812499636,-93.83486328125036,-159.8236816406261,-9.015234374999636,-143.0673665364593,52.97590535481777,
2013-01-01,9667.5615234375,9804.620533525534,8975.91888792022,9204.007150771746,2201100,8767.185546875,9092.773046875,9728.980517578126,10566.190592447916,10556.758658854167,8158.788216145834,,291.33261718749964,25.74072265625,-99.87236328124891,-37.2555989583343,-103.16617838541606,55.136464436849565,
2013-02-01,9641.33203125,10057.856645098094,9193.826320412905,9648.811439345785,1628300,8959.6275390625,9038.8787109375,9605.507421875,10509.615559895834,10453.719156901041,8213.655934651693,,192.44199218749964,-53.89433593749891,-123.47309570312609,-56.57503255208212,-103.03950195312609,54.86771850585956,
2013-03-01,8889.669921875,9679.341737609417,8879.190547109629,9630.7622038215,1856500,9043.6205078125,8913.71611328125,9450.476123046876,10423.657486979168,10380.180485026041,8261.887972005208,,83.99296875000073,-125.16259765625,-155.0312988281239,-85.95807291666642,-73.53867187499964,48.2320373535149,
2013-04-01,8691.2919921875,9142.797661210903,8645.093292530837,8901.539629823437,1269400,9201.2466796875,8832.82392578125,9315.173095703125,10267.79755859375,10299.956380208334,8307.142793782552,,157.62617187499927,-80.89218750000146,-135.30302734375073,-155.85992838541824,-80.22410481770748,45.25482177734375,
2013-05-01,9257.8466796875,9511.073340448107,8597.6138276357,8643.803740855614,1761300,9229.5404296875,8852.6966796875,9263.4546875,10165.18740234375,10253.452083333334,8355.094425455729,,28.293750000000728,19.87275390625109,-51.718408203125364,-102.61015624999891,-46.504296875000364,47.95163167317696,
2013-06-01,7694.3837890625,9345.555183983197,7045.520960109959,9259.376464470155,1459300,8834.9048828125,8801.04521484375,9124.134228515624,10006.3865234375,10225.513899739582,8392.341174316407,,-394.6355468750007,-51.651464843749636,-139.32045898437536,-158.80087890624964,-27.93818359375109,37.24674886067805,
2013-07-01,7765.3125,8281.456592892626,7544.694865970556,7649.213709091731,2940300,8459.7009765625,8709.6642578125,9027.735791015624,9865.412076822917,10197.098714192709,8429.39892171224,,-375.2039062499989,-91.38095703125146,-96.3984375,-140.97444661458394,-28.415185546873545,37.05774739583285,
2013-08-01,8202.388671875,8475.954946200804,7789.842995903245,7819.362685065461,2914200,8322.2447265625,8682.9326171875,8991.919189453125,9708.748502604167,10200.402677408854,8471.149373372396,,-137.4562500000011,-26.731640624999272,-35.81660156249927,-156.66357421875,3.3039632161453483,41.750451660156614,
2013-09-01,8514.4755859375,8766.602663746786,8148.079271601523,8214.858802093047,2971900,8286.8814453125,8744.0640625,8952.465625,9573.805729166666,10216.324186197917,8516.646122233073,,-35.36328125,61.131445312499636,-39.45356445312427,-134.94277343750036,15.9215087890625,45.496748860676234,
2013-10-01,8444.3154296875,8815.651107871608,8214.44789110592,8505.014944085557,2793800,8124.1751953125,8676.8578125,8871.945068359375,9444.854524739583,10259.74169921875,8560.621211751302,,-162.70624999999927,-67.20624999999927,-80.52055664062573,-128.9512044270832,43.41751302083321,43.97508951822965,
2013-11-01,8542.5146484375,8630.283196402757,8054.869720974739,8433.665281956442,2324900,8293.8013671875,8564.353125,8828.5630859375,9340.77138671875,10291.143025716146,8604.576306152343,,169.62617187499927,-112.50468750000073,-43.381982421875364,-104.08313802083285,31.40132649739644,43.9550944010407,
2013-12-01,8121.69921875,8647.913060964373,7887.2819182294625,8461.39561543218,2104900,8365.0787109375,8412.38984375,8725.63427734375,9207.8015625,10318.4140625,8643.25912475586,,71.27734375,-151.96328125000036,-102.92880859374964,-132.96982421874964,27.27103678385356,38.68281860351635,
2014-01-01,7572.544921875,8124.468905289014,7477.706142178329,8083.67932386937,2013300,8239.1099609375,8280.67734375,8597.196728515624,9060.543196614582,10327.703784179688,8675.390096028646,,-125.96875,-131.71249999999964,-128.43754882812573,-147.25836588541824,9.289721679688228,32.130971272787065,
2014-02-01,7365.84765625,7996.93042998483,7174.249705064036,7515.005653202927,2510800,8009.384375,8148.13291015625,8490.47841796875,8926.159700520833,10323.665657552083,8704.106526692709,,-229.7255859375,-132.54443359375,-106.71831054687391,-134.38349609374927,-4.038126627605379,28.7164306640625,
2014-03-01,7189.49951171875,7410.577112421259,6959.172014671705,7349.867831799344,2363300,7758.42119140625,7941.298193359375,8396.997436523438,8822.735856119793,10293.793155924479,8730.18490193685,,-250.96318359374982,-206.834716796875,-93.48098144531286,-103.4238444010407,-29.872501627603924,26.07837524414026,
2014-04-01,7312.77783203125,7618.484363698847,7177.7695808643475,7183.989237657707,1993600,7512.473828125,7903.13759765625,8352.09140625,8717.1353515625,10257.299235026041,8761.015305582683,,-245.94736328124964,-38.16059570312427,-44.906030273437864,-105.60050455729288,-36.493920898437864,30.83040364583394,
2014-05-01,7364.74755859375,7432.266821594258,7075.240548516643,7289.158561793158,1690300,7361.08349609375,7863.081103515625,8286.372680664062,8639.517561848957,10211.248250325521,8792.574788411459,,-151.39033203125018,-40.056494140625546,-65.71872558593714,-77.61778971354215,-46.05098470051962,31.5594828287758,
2014-06-01,7343.19775390625,7433.4569995217,7134.460339629181,7365.527582583554,1607600,7315.2140625,7777.16201171875,8230.047314453124,8587.000130208333,10140.860205078125,8826.469659423828,,-45.86943359374982,-85.91909179687445,-56.32536621093823,-52.517431640624636,-70.3880452473968,33.89487101236955,
2014-07-01,7956.8212890625,7957.371087609476,7146.370379791526,7340.5078599697135,2906100,7433.4087890625,7721.39658203125,8232.730322265625,8542.10927734375,10045.631119791668,8865.415393066407,,118.19472656249945,-55.76542968750073,2.683007812500364,-44.890852864582484,-95.22908528645712,38.94573364257849,
2014-08-01,7841.6123046875,8074.329422902102,7735.59347344011,7919.691019406751,3326500,7563.83134765625,7661.12626953125,8168.992041015625,8468.338802083334,9999.908479817708,8904.297542317709,,130.42255859375018,-60.27031249999982,-63.73828125,-73.77047526041679,-45.7226399739593,38.8821492513016,
2014-09-01,8080.259765625,8250.96732988208,7852.782328205555,7852.82236682045,3846800,7717.327734375,7614.90078125,8089.626953125,8424.008984375,9947.800732421874,8942.85078125,,153.49638671874982,-46.225488281249454,-79.36508789062464,-44.3298177083343,-52.10774739583394,38.5532389322907,
2014-10-01,8225.5185546875,8260.138285518435,7803.372875212795,8134.279338543128,3631000,7889.48193359375,7625.28271484375,8018.836279296875,8358.850423177084,9879.942350260417,8984.59415283203,,172.15419921875036,10.381933593749636,-70.79067382812536,-65.15856119791533,-67.85838216145748,41.743371582031614,
2014-11-01,9002.1298828125,9010.069247226447,8137.328998851587,8244.938148035617,5101100,8221.268359375,7768.2412109375,8024.45927734375,8320.87822265625,9805.200862630209,9032.728786214193,,331.7864257812507,142.95849609375,5.622998046875182,-37.97220052083321,-74.74148763020821,48.134633382162065,
2014-12-01,11014.4970703125,11050.726157771942,9027.198958628458,9029.538776239522,10467800,8832.803515625,8133.10615234375,8140.61953125,8371.354329427084,9760.445540364582,9098.953462727864,,611.53515625,364.8649414062502,116.16025390625055,50.47610677083321,-44.75532226562609,66.22467651367151,
2015-01-01,11150.5654296875,11749.007939780953,10634.50090237089,11150.855465498642,6178400,9494.594140625,8529.212744140625,8235.25546875,8441.069205729167,9744.003889973957,9166.496126302083,,661.7906249999996,396.10659179687445,94.63593749999927,69.71487630208321,-16.441650390625,67.54266357421875,
2015-02-01,11757.5478515625,11819.28739365961,10715.309538052481,10952.016844820073,3668800,10230.0517578125,8973.68974609375,8438.413671875,8559.290852864584,9732.687679036459,9236.340006510416,,735.4576171874996,444.4770019531261,203.158203125,118.22164713541679,-11.316210937498909,69.84388020833285,
2015-03-01,13160.5126953125,13538.138346904385,11168.924659099388,11869.826961877943,8593300,11217.0505859375,9553.266259765625,8708.173681640625,8708.670540364583,9743.792724609375,9319.59165649414,,986.9988281250007,579.5765136718746,269.760009765625,149.3796874999989,11.105045572916424,83.25164998372384,
2015-04-01,14818.4736328125,15009.562312303526,13142.253154180453,13187.272181069338,12157700,12380.3193359375,10300.79384765625,9038.9779296875,8920.296158854168,9804.727034505207,9416.773649088542,,1163.2687499999993,747.527587890625,330.8042480468757,211.62561848958467,60.934309895832484,97.18199259440189,
2015-05-01,16100.26953125,17153.608297480983,14027.442204886192,14846.313875552743,25676000,13397.473828125,11115.138671875,9418.267626953126,9193.53310546875,9902.997265625,9527.59565633138,,1017.1544921874993,814.3448242187496,379.28969726562536,273.23694661458285,98.27023111979179,110.82200724283757,
2015-06-01,14337.80859375,18211.55509842821,12723.017170972518,16247.207057203192,44788800,14034.9224609375,11764.75830078125,9712.94228515625,9367.580794270832,9985.513492838541,9624.07573445638,,637.4486328125004,649.61962890625,294.67465820312464,174.04768880208212,82.51622721354215,96.48007812500146,
2015-07-01,12374.111328125,14696.81576722559,10850.258288168558,14184.94064423692,41974500,14158.23515625,12194.14345703125,9904.522119140625,9457.79912109375,10011.994856770832,9703.13051554362,,123.31269531250109,429.38515625000036,191.579833984375,90.21832682291824,26.48136393229106,79.05478108723946,
2015-08-01,10549.0419921875,13652.38711318304,9713.881425281937,12178.433896963385,32106600,13635.941015625,12426.49580078125,10025.8892578125,9488.056119791667,9998.83583984375,9766.452559407551,,-522.2941406250011,232.3523437499989,121.36713867187427,30.25699869791606,-13.15901692708212,63.32204386393096,
2015-09-01,9988.138671875,10702.060401979712,9259.547183404902,10388.384210724946,23272600,12669.8740234375,12525.0966796875,10146.6689453125,9524.671744791667,9974.164615885416,9825.49473470052,,-966.0669921874996,98.60087890625073,120.77968750000036,36.615625000000364,-24.67122395833394,59.04217529296875,
2015-10-01,11545.919921875,11833.937189712422,10264.884527860795,10332.12400584284,27569200,11759.0041015625,12578.23896484375,10355.67255859375,9619.826009114584,9943.811783854168,9899.525231933594,,-910.8699218750007,53.14228515624927,209.00361328124927,95.15426432291679,-30.35283203124891,74.03049723307413,
2015-11-01,12037.7255859375,12970.324520237771,11200.474217007697,11306.073620731038,36702100,11298.9875,12666.95498046875,10598.083862304688,9712.488639322917,9938.838020833333,9977.532777913411,,-460.0166015625,88.71601562500109,242.41130371093823,92.66263020833321,-4.973763020834667,78.00754597981722,
2015-12-01,12664.748046875,13186.902365040654,11830.857956341033,12022.705420714758,28872000,11357.11484375,12757.675,10865.682373046875,9878.167447916667,9942.276985677083,10059.209193929037,,58.127343750000364,90.72001953124891,267.5985107421875,165.67880859374964,3.43896484375,81.67641601562536,
2016-01-01,9418.0947265625,12659.268391142312,8986.41889663169,12650.578058773697,21702400,11130.925390625,12383.433203125,10968.349731445312,9933.260188802084,9899.3361328125,10110.674035644532,,-226.189453125,-374.24179687499964,102.6673583984375,55.09274088541679,-42.940852864583576,51.46484171549491,
2016-02-01,9097.2578125,10397.402337705515,9000.788196725074,9389.514283977993,15989600,10952.74921875,11811.31162109375,11056.052734375,9963.08916015625,9835.918831380208,10158.554498291016,,-178.17617187500036,-572.12158203125,87.7030029296875,29.82897135416715,-63.417301432291424,47.880462646484375,
2016-03-01,10455.2529296875,10552.461801061248,9011.4087614244,9116.457388676396,26798600,10734.6158203125,11246.8099609375,11180.97431640625,10027.78173828125,9800.793733723958,10216.378603108724,,-218.13339843749964,-564.5016601562493,124.92158203124927,64.69257812499927,-35.125097656249636,57.82410481770785,
2016-04-01,10141.42578125,10810.28836273423,9975.937411340565,10410.562397474703,20823700,10355.355859375,10827.1716796875,11295.964990234375,10084.352083333333,9764.603304036458,10268.82334391276,,-379.2599609374993,-419.63828124999964,114.99067382812609,56.57034505208321,-36.1904296875,52.44474080403597,
2016-05-01,10159.8154296875,10501.32233127063,9544.012784723558,10144.036310265297,17077600,9854.3693359375,10605.74208984375,11399.9427734375,10138.262109375,9739.516748046875,10317.721374511719,,-500.9865234375011,-221.42958984375036,103.977783203125,53.91002604166715,-25.08655598958285,48.89803059895894,
2016-06-01,10489.873046875,10527.572821024893,9779.001105560481,10184.11669700366,21033400,10068.725,10599.8251953125,11513.160498046875,10217.201236979166,9712.501399739584,10369.290218098959,,214.3556640625011,-5.916894531250364,113.21772460937427,78.93912760416606,-27.015348307291788,51.568843587239826,
2016-07-01,10329.32421875,10889.897013540765,10262.184349112793,10506.101526776914,24502700,10315.13828125,10633.94375,11579.52021484375,10309.093880208333,9684.818538411459,10422.477457682291,,246.41328124999927,34.118554687500364,66.35971679687464,91.89264322916642,-27.682861328125,53.187239583332484,
2016-08-01,10757.759765625,10946.618008465846,10086.537768055367,10289.774756598428,21973700,10375.6396484375,10555.127734375,11566.683349609375,10422.1576171875,9674.158658854167,10477.302180989584,,60.501367187500364,-78.81601562499964,-12.836865234374272,113.06373697916752,-10.659879557291788,54.824723307292516,
2016-09-01,10567.4609375,10903.516719021976,10351.902820889836,10759.638458334792,14629900,10460.8466796875,10408.10126953125,11537.528125,10534.756331380207,9678.74609375,10529.308260091146,,85.20703125,-147.02646484375146,-29.155224609374272,112.59871419270712,4.587434895833212,52.006079101562136,
2016-10-01,10704.1796875,10871.538161045712,10584.581420199584,10612.090877126608,12907300,10569.71953125,10212.04443359375,11484.859716796875,10647.803059895834,9682.469205729167,10579.993688964843,,108.87285156250073,-196.05683593749927,-52.66840820312609,113.04672851562646,3.723111979166788,50.685428873697674,
2016-11-01,11012.0673828125,11124.68526506539,10575.04199261869,10714.700588348474,21352000,10674.1583984375,10371.44169921875,11377.437451171874,10769.380387369793,9704.448974609375,10624.536446126302,,104.43886718749854,159.39726562500073,-107.42226562500036,121.57732747395858,21.979768880208212,44.54275716145821,
2016-12-01,10177.025390625,11090.805170650623,10062.25714788199,11036.986438937867,15872600,10643.6986328125,10479.41845703125,11145.3650390625,10863.84130859375,9725.420719401041,10653.952779134115,7282.851358176301,-30.45976562499891,107.97675781249927,-232.07241210937354,94.46092122395748,20.971744791666424,29.41633300781359,
2017-01-01,10051.9375,10396.784233157416,9482.733898456656,10205.025633381727,10567100,10502.5341796875,10439.0869140625,10842.9484375,10933.678515625,9737.893896484375,10674.11180419922,7307.11426305157,-141.16445312500036,-40.33154296875,-302.41660156250146,69.83720703125073,12.473177083333212,20.159025065104288,24.26290487526876
2017-02-01,10391.2236328125,10454.043242765234,9984.527985807696,10061.177519217565,12597200,10467.28671875,10464.06669921875,10645.619189453126,11018.665559895833,9743.502180989582,10693.70858561198,7334.900991022331,-35.247460937500364,24.979785156250728,-197.32924804687354,84.98704427083248,5.608284505207848,19.59678141275981,27.786727970761604
2017-03-01,10428.6025390625,10666.000262019847,10308.103893120728,10387.51315703898,16978500,10412.1712890625,10490.94541015625,10548.34375,11096.94365234375,9760.476318359375,10709.371069335937,7360.2457678798955,-55.11542968749927,26.87871093749891,-97.27543945312573,78.27809244791752,16.974137369792516,15.662483723957848,25.344776857564284
2017-04-01,10234.5361328125,10702.760397769418,10015.777832830929,10496.663089253716,17455000,10256.6650390625,10465.41171875,10532.61845703125,11163.910904947918,9761.3806640625,10704.110888671876,7385.851320455003,-155.50625000000036,-25.53369140625,-15.725292968749272,66.96725260416679,0.9043457031257276,-5.260180664061409,25.60555257510714
2017-05-01,9864.7294921875,10244.235012482997,9566.312908542535,10205.545992151805,15043700,10194.205859375,10418.95224609375,10526.447998046875,11192.664225260416,9756.771223958332,10678.449584960938,7410.2287304268375,-62.45917968749927,-46.45947265625,-6.170458984375728,28.753320312498545,-4.609440104168243,-25.661303710938228,24.377409971834822
2017-06-01,10529.4931640625,10548.682403621759,9637.432779706682,9833.710868676402,16621600,10289.7169921875,10396.1255859375,10475.62666015625,11176.497428385417,9773.92587890625,10661.642781575521,7437.543152117422,95.51113281249854,-22.82666015625,-50.82133789062573,-16.16679687499891,17.15465494791715,-16.80680338541606,27.314421690584822
2017-07-01,10504.9228515625,10574.092001822144,9960.448456687964,10531.612983508658,21555800,10312.4568359375,10389.87177734375,10398.9865234375,11154.976009114584,9798.022607421875,10622.522224934895,7465.1108723259795,22.739843750001455,-6.253808593750364,-76.64013671875,-21.521419270833576,24.096728515625728,-39.12055664062609,27.567720208557148
2017-08-01,10816.517578125,10837.267343952552,10281.513850309468,10496.591501165629,20160000,10390.03984375,10401.10556640625,10306.575,11123.608333333334,9841.449593098958,10563.727303059895,7494.0948763998795,77.5830078125,11.233789062500364,-92.41152343749854,-31.36767578125,43.426985677082484,-58.794921875,28.984004073899996
2017-09-01,11087.0654296875,11199.064166969043,10807.647681517195,10822.368218676986,2206500,10560.545703125,10408.60537109375,10390.02353515625,11054.493424479168,9881.581982421874,10498.916682942709,7523.735057126811,170.505859375,7.499804687500728,83.44853515624891,-69.11490885416606,40.132389322916424,-64.81062011718677,29.64018072693125
2017-10-01,11367.5751953125,11508.974050601331,11140.295820027466,11248.305158825993,1658900,10861.11484375,10527.6603515625,10503.539404296875,10939.4634765625,9929.879817708334,10430.888712565104,7554.561461616483,300.5691406249989,119.05498046874891,113.515869140625,-115.02994791666788,48.2978352864593,-68.02797037760502,30.826404489672314
2017-11-01,10944.056640625,11714.93447336573,10908.657365547764,11370.474888289085,2341300,10944.0275390625,10616.872265625,10527.97958984375,10767.589713541667,9980.561409505208,10391.776806640624,7585.492613960233,82.91269531249964,89.2119140625,24.440185546875,-171.87376302083248,50.68159179687427,-39.11190592447929,30.93115234375
2017-12-01,11040.4072265625,11176.536579565907,10716.2483319238,10941.827532105073,1704000,11051.1244140625,10681.790625,10572.928662109374,10657.676334635416,10012.628564453125,10336.276700846354,7616.807803698363,107.09687500000109,64.91835937500036,44.949072265624636,-109.91337890625073,32.067154947917516,-55.500105794269984,31.315189738130357
2018-01-01,11159.6357421875,11633.414149942226,11072.826513719372,11079.596018311871,2443800,11119.748046875,10754.8939453125,10622.919677734375,10617.193815104167,10037.496468098958,10297.127563476562,7650.7312891882375,68.62363281249964,73.10332031250073,49.99101562500073,-40.482519531249636,24.867903645832484,-39.14913736979179,33.92348548987411
2018-02-01,10828.6875,11171.31602324613,9868.790918290553,11145.365930904838,1440200,11068.0724609375,10814.30908203125,10639.860400390626,10626.51533203125,10057.285725911459,10255.50244140625,7683.114783815048,-51.67558593750073,59.415136718749636,16.940722656250728,9.321516927082484,19.78925781250109,-41.6251220703125,32.383494626810716
2018-03-01,10868.607421875,11335.254991058762,10217.1793332161,10754.577599251366,2182900,10968.27890625,10914.696875,10666.824560546875,10655.864290364583,10090.268017578124,10235.224251302083,7716.402776497116,-99.79355468749964,100.38779296874964,26.96416015624891,29.34895833333394,32.98229166666533,-20.27819010416715,33.28799268206785
2018-04-01,10324.4287109375,10950.17622504447,10228.049211009666,10887.426474328988,1674100,10844.3533203125,10894.1904296875,10645.1580078125,10615.147916666667,10117.486962890625,10208.72167154948,7746.974298174289,-123.92558593749891,-20.506445312499636,-21.66655273437391,-40.716373697916424,27.21894531250109,-26.502579752603197,30.571521677173223
2018-05-01,10295.6904296875,10789.717805332146,10097.441200661853,10356.15015550228,1710400,10695.4099609375,10873.2671875,10631.569482421875,10557.080078125,10134.784358723959,10194.118221028646,7778.503927206277,-148.943359375,-20.923242187500364,-13.588525390625364,-58.06783854166679,17.297395833333212,-14.603450520833576,31.529629031987497
2018-06-01,9379.4326171875,10411.518377528719,9065.164329328249,10247.11961390379,1425400,10339.3693359375,10729.55869140625,10565.33212890625,10447.569563802082,10162.868505859375,10194.191202799479,7806.225281023672,-356.04062500000146,-143.70849609375,-66.23735351562573,-109.51051432291752,28.08414713541606,0.07298177083248447,27.72135381739554
2018-07-01,9178.744140625,9514.902973560624,8736.325960362241,9369.203351805576,1811000,10009.3806640625,10538.7265625,10473.665966796874,10439.5912109375,10186.425699869791,10191.76220703125,7833.793842626744,-329.98867187499854,-190.83212890624964,-91.66616210937536,-7.978352864582121,23.557194010416424,-2.4289957682285603,27.56856160307143
2018-08-01,8465.4365234375,9235.704010107786,8241.107325176214,9205.713893359985,1685400,9528.746484375,10248.5126953125,10388.0865234375,10418.530501302082,10190.809830729168,10195.60625406901,7857.799502917113,-480.63417968750036,-290.2138671875,-85.57944335937464,-21.06070963541788,4.384130859376455,3.8440470377609017,24.005660290369633
2018-09-01,8401.056640625,8573.16631196605,7958.4885655485,8440.916834649817,1382200,9144.0720703125,9994.2126953125,10305.54248046875,10350.057291666666,10188.919514973959,10202.621850585938,7881.866575576717,-384.67441406249964,-254.29999999999927,-82.54404296874964,-68.47320963541642,-1.8903157552085759,7.015596516926962,24.067072659603582
2018-10-01,7482.80078125,8249.357350318362,7084.412204313567,8225.807637833366,1547400,8581.494140625,9638.45205078125,10160.121337890625,10261.436458333334,10172.894270833332,10216.317985026042,7899.945920232028,-562.5779296875007,-355.76064453125036,-145.421142578125,-88.62083333333248,-16.025244140626455,13.696134440104288,18.079344655310706
2018-11-01,7681.7197265625,8116.697992794357,7537.8902152654855,7568.1703693697655,2302500,8241.9515625,9290.66044921875,10022.777197265625,10178.833268229168,10158.547688802084,10224.845357259115,7912.731338435488,-339.54257812499964,-347.79160156249964,-137.34414062500036,-82.60319010416606,-14.346582031248545,8.527372233073038,12.785418203460722
2018-12-01,7239.76171875,7972.948792094035,7174.871835865814,7901.799168071542,1457100,7854.155078125,8931.76787109375,9873.0384765625,10070.496223958333,10143.84873046875,10231.131396484376,7926.441453401623,-387.79648437500055,-358.892578125,-149.73872070312427,-108.33704427083467,-14.698958333334303,6.286039225260538,13.710114966134824
2019-01-01,7479.22021484375,7704.85009765625,7011.330078125,7259.490234375,1897000,7656.91181640625,8592.829150390626,9753.763012695312,9975.492757161459,10142.293318684895,10234.998551432293,7940.712124673082,-197.24326171874964,-338.938720703125,-119.27546386718859,-95.00346679687391,-1.5554117838546517,3.867154947916788,14.270671271458923
2019-02-01,9031.9296875,9276.4501953125,7517.830078125,7524.669921875,2865200,7783.08642578125,8463.579248046875,9678.884838867187,9917.965087890625,10170.061352539062,10246.863505045572,7962.44660550228,126.17460937499982,-129.24990234375036,-74.878173828125,-57.52766927083394,27.768033854166788,11.864953613279795,21.73448082919822
2019-03-01,9906.8603515625,9934.8603515625,9005.490234375,9111.9599609375,4906500,8267.89833984375,8424.696240234374,9648.981713867188,9895.945068359375,10215.350699869792,10254.571927897136,7988.905369836373,484.81191406250036,-38.88300781250109,-29.90312499999891,-22.02001953125,45.28934733073038,7.708422851563228,26.458764334092848
2019-04-01,9674.5302734375,10541.1904296875,9573.3896484375,9976.98046875,3827000,8666.46044921875,8454.206005859374,9591.882348632813,9861.623421223958,10254.713240559895,10256.006237792968,8015.259832685086,398.56210937499964,29.509765625,-57.099365234375,-34.32164713541715,39.36254069010283,1.4343098958324845,26.3544628487125
2019-05-01,8922.6904296875,9333.919921875,8732.98046875,9289.740234375,2310300,9003.04619140625,8428.600634765626,9483.663598632813,9791.977522786457,10280.678955078125,10245.963602701822,8039.092956804922,336.5857421875007,-25.605371093748545,-108.21875,-69.64589843750036,25.965714518230016,-10.042635091145712,23.83312411983661
2019-06-01,9178.3095703125,9274.419921875,8557.580078125,8953.3701171875,1929400,9342.8640625,8499.887939453125,9374.200317382812,9758.686995442707,10311.26415201823,10226.062178548176,8061.521901404909,339.81787109375,71.28730468749927,-109.46328125000036,-33.29052734375,30.58519694010465,-19.901424153646076,22.428944599986607
2019-07-01,9326.6103515625,9560.51953125,9066.7099609375,9384.7900390625,2153400,9401.8001953125,8592.443310546874,9293.328002929688,9734.509423828125,10334.093969726562,10189.862544759115,8082.305165303112,58.936132812499636,92.55537109374927,-80.872314453125,-24.17757161458212,22.829817708332484,-36.19963378906141,20.783263898202677
2019-08-01,9365.6796875,9517.650390625,8669.900390625,9278.830078125,2358600,9293.5640625,8780.731201171875,9209.591625976562,9700.324625651041,10359.495092773437,10179.701786295573,8103.049458908932,-108.23613281250073,188.28789062500073,-83.73637695312573,-34.1847981770843,25.401123046875,-10.160758463542152,20.74429360582053
2019-09-01,9446.240234375,10005.8095703125,9389.48046875,9393.0302734375,2640100,9247.9060546875,8957.183251953125,9123.921850585937,9667.579215494792,10382.261433919271,10165.031083170574,8123.4920470929455,-45.65800781249891,176.45205078125036,-85.66977539062464,-32.74541015624891,22.766341145834303,-14.670703124998909,20.442588184013402
2019-10-01,9635.330078125,9840.58984375,9380.5703125,9474.5703125,1763900,9390.433984375,9196.740087890625,9064.253979492187,9647.605680338542,10405.75829264323,10142.850321451822,8144.917891211776,142.52792968749964,239.55683593749927,-59.667871093750364,-19.973535156250364,23.496858723958212,-22.180761718751455,21.425844118830355
2019-11-01,9582.16015625,10008.509765625,9490.849609375,9621.8896484375,2040600,9471.2041015625,9407.03408203125,8999.931616210937,9638.186702473959,10415.425463867188,10110.313163248698,8165.310785776555,80.77011718749964,210.29399414062573,-64.32236328124964,-9.418977864583212,9.667171223958576,-32.53715820312391,20.392894564779454
2019-12-01,10430.76953125,10433.2900390625,9531.259765625,9603.01953125,2868500,9692.0359375,9546.91806640625,9005.248657226562,9634.895914713541,10405.69667154948,10083.071105957031,8189.07342241148,220.83183593750073,139.88398437499927,5.317041015625364,-3.2907877604175155,-9.728792317708212,-27.24205729166715,23.762636634925002
2020-01-01,10681.900390625,11115.8798828125,10479.76953125,10509.1201171875,4120600,9955.280078125,9624.4220703125,9024.559155273437,9640.795166015625,10397.885587565104,10070.94473876953,8214.204988013009,263.244140625,77.50400390624964,19.310498046874272,5.89925130208394,-7.811083984375728,-12.126367187500364,25.131565601528564
2020-02-01,10980.76953125,11856.080078125,9578.8701171875,9779.669921875,25737800,10262.1859375,9755.04599609375,9104.626000976563,9646.270231119792,10384.939282226562,10058.81348063151,8241.918119635193,306.90585937499964,130.62392578125036,80.06684570312609,5.475065104166788,-12.946305338542516,-12.131258138020712,27.713131622183937
2020-03-01,9962.2998046875,11739.83984375,9634.9697265625,11381.759765625,39036100,10327.5798828125,9859.00693359375,9143.803784179687,9608.778043619792,10331.63573404948,10037.714229329427,8265.04743662822,65.39394531250036,103.9609375,39.17778320312391,-37.4921875,-53.30354817708212,-21.09925130208285,23.129316993026805
2020-04-01,10721.7802734375,10751.75,9896.650390625,9967.1201171875,30073700,10555.50390625,10013.35400390625,9256.620971679688,9587.251546223959,10263.35751139323,10034.042272949218,8290.328443535407,227.92402343749927,154.34707031250036,112.81718750000073,-21.52649739583285,-68.27822265625036,-3.6719563802089397,25.281006907187475
2020-05-01,10746.080078125,11096.6201171875,10505.7900390625,10618.169921875,24224900,10618.566015625,10155.3009765625,9373.872143554687,9580.652327473957,10174.121020507813,10038.559143066406,8316.051118646057,63.062109374999636,141.94697265624927,117.25117187499927,-6.599218750001455,-89.23649088541606,4.516870117187864,25.722675110650016
2020-06-01,11992.349609375,12013.599609375,10837.490234375,10837.490234375,31806900,10880.655859375,10417.96796875,9599.349584960937,9612.383740234374,10135.030037434895,10060.271765136718,8347.162847035945,262.08984375,262.6669921875,225.47744140625036,31.731412760416788,-39.09098307291788,21.712622070312136,31.111728389887503
2020-07-01,13637.8798828125,14151.0,11945.8896484375,12024.83984375,56782100,11412.0779296875,10837.13193359375,9897.157592773438,9694.991878255209,10156.092846679687,10084.04385172526,8386.582544678782,531.4220703125011,419.16396484375036,297.80800781250036,82.6081380208343,21.062809244791424,23.77208658854215,39.41969764283749
2020-08-01,13758.23046875,14012.7099609375,13026.009765625,13771.740234375,39322600,12171.2640625,11249.42197265625,10223.081030273437,9792.643310546875,10209.579321289062,10104.207580566406,8424.317720208557,759.1861328124996,412.2900390625,325.92343749999964,97.65143229166642,53.486474609375364,20.163728841145712,37.735175529775006
2020-09-01,12907.4501953125,13944.16015625,12702.6201171875,13729.3896484375,29932400,12608.398046875,11581.9509765625,10494.492529296875,9860.604736328125,10258.234513346355,10116.199564615885,8459.102761199034,437.1339843749993,332.5290039062511,271.4114990234375,67.96142578125,48.65519205729288,11.99198404947856,34.78504099047677
2020-10-01,13236.599609375,13820.5595703125,12922.58984375,13161.3603515625,18630000,13106.501953125,11862.533984375,10704.726025390624,9957.677099609375,10286.41250813802,10115.112145996094,8495.0649225456,498.10390625000036,280.5830078125,210.23349609374964,97.07236328124964,28.177994791665697,-1.0874186197906965,35.96216134656606
2020-11-01,13670.1103515625,14197.849609375,13258.16015625,13269.9697265625,30569100,13442.0541015625,12161.35498046875,10892.888525390625,10070.157763671876,10313.618920898438,10126.228470865886,8533.490944792784,335.55214843750036,298.8209960937493,188.16250000000036,112.48066406250109,27.20641276041715,11.116324869792152,38.42602224718394
2020-12-01,14470.6796875,14476.5498046875,13431.5498046875,13650.3896484375,32968100,13608.6140625,12510.34599609375,11132.69599609375,10239.865999348958,10343.71778157552,10142.997383626302,8578.176417273002,166.55996093750036,348.9910156250007,239.80747070312464,169.70823567708248,30.098860677082484,16.768912760415333,44.68547248021787
2021-01-01,14821.990234375,15895.8798828125,14486.25,14516.1201171875,37688200,13821.366015625,12996.3150390625,11427.660986328125,10427.974202473959,10433.78270670573,10166.559419759114,8625.222827043655,212.751953125,485.9690429687489,294.96499023437536,188.10820312500073,90.0649251302093,23.562036132812864,47.046409770653554
2021-02-01,14507.4501953125,16293.08984375,14396.4501953125,14841.7099609375,25529100,14141.366015625,13374.88203125,11694.118017578125,10629.374658203125,10523.952579752604,10179.935705566406,8672.47115054151,320.0,378.56699218749964,266.45703125,201.40045572916642,90.16987304687427,13.376285807291424,47.24832349785538
2021-03-01,13778.669921875,14987.0703125,13252.240234375,14670.1103515625,31398900,14249.780078125,13678.141015625,11916.72099609375,10808.628434244793,10579.34286295573,10190.068298339844,8716.849597849048,108.4140625,303.2589843750011,222.6029785156261,179.25377604166715,55.390283203125364,10.132592773437864,44.3784473075375
2021-04-01,14438.5703125,14529.4296875,13454.26953125,13812.6396484375,27443900,14403.4720703125,13922.7630859375,12170.36552734375,11040.487418619792,10650.961938476563,10207.78262125651,8763.73740842107,153.69199218749964,244.6220703125,253.64453125,231.85898437499964,71.61907552083358,17.714322916666788,46.88781057202141
2021-05-01,14996.3798828125,14996.3798828125,13696.73046875,14355.400390625,25863700,14508.612109375,14058.6130859375,12447.872509765624,11284.309423828125,10731.571346028646,10235.54404703776,8813.826495649477,105.14003906250036,135.85000000000036,277.50698242187354,243.82200520833248,80.60940755208321,27.761425781249272,50.08908722840715
2021-06-01,15161.7001953125,15187.8095703125,14290.23046875,14963.9501953125,29196500,14576.5541015625,14198.96005859375,12724.191015625,11548.374039713543,10809.435131835937,10260.96826578776,8866.097026513882,67.94199218749964,140.3469726562489,276.31850585937536,264.0646158854179,77.8637858072907,25.424218750000364,52.27053086440537
2021-07-01,14473.2099609375,15290.0595703125,13727.48046875,15203.0703125,36455800,14569.7060546875,14355.53603515625,12968.743505859375,11781.50703125,10878.49989420573,10281.659216308593,8915.211850145855,-6.848046875000364,156.57597656250073,244.552490234375,233.13299153645676,69.06476236979324,20.690950520833212,49.114823631973195
2021-08-01,14328.3798828125,15101.1298828125,14100.919921875,14463.2099609375,38676300,14679.648046875,14464.7140625,13163.6240234375,11958.05537109375,10938.010229492187,10306.084444173177,8963.085307763882,109.94199218749964,109.17802734374891,194.88051757812536,176.54833984375,59.51033528645712,24.425227864583576,47.873457618026805
2021-09-01,14309.009765625,14844.259765625,14020.5595703125,14336.0703125,40386200,14653.7359375,14528.60400390625,13344.9794921875,12104.793684895832,11000.369376627605,10339.557735188802,9010.534175496245,-25.912109375,63.88994140625073,181.35546875,146.7383138020832,62.359147135417516,33.473291015625364,47.44886773236249
2021-10-01,14451.3798828125,14682.4296875,14006.650390625,14457.9404296875,23091700,14544.7359375,14526.6740234375,13518.510009765625,12264.022005208333,11062.822713216146,10372.645959472657,9059.523076004225,-109.0,-1.9299804687507276,173.530517578125,159.22832031250073,62.45333658854179,33.08822428385429,48.98890050798036
2021-11-01,14795.73046875,14961.7900390625,14248.0,14393.580078125,34487300,14471.5419921875,14524.048046875,13760.18154296875,12459.790006510417,11125.883764648437,10415.166369628907,9107.782475942195,-73.19394531249964,-2.6259765625,241.67153320312536,195.76800130208358,63.0610514322907,42.520410156250364,48.25939993796965
2021-12-01,14857.349609375,15288.650390625,14547.599609375,14794.3701171875,35950400,14548.369921875,14559.03798828125,13966.960009765626,12649.091341145833,11203.88916829427,10464.654943847656,9156.931350380566,76.82792968750073,34.98994140625109,206.77846679687536,189.30133463541642,78.00540364583321,49.48857421874891,49.14887443837142
2022-01-01,13328.0595703125,14941.1904296875,13227.830078125,14935.23046875,29660100,14348.305859375,14513.976953125,14096.058984375,12782.472981770834,11258.49120279948,10498.192549641926,9199.383100648807,-200.06406250000146,-45.06103515625,129.09897460937464,133.38164062500073,54.6020345052093,33.53760579427035,42.451750268241085
2022-02-01,13455.73046875,13632.4501953125,13049.4501953125,13558.9404296875,21310000,14177.65,14415.69296875,14169.22802734375,12918.8080078125,11309.56631673177,10526.534248860677,9243.210726889418,-170.65585937499964,-98.28398437500073,73.16904296874964,136.33502604166642,51.07511393229106,28.341699218750364,43.8276262406107
2022-03-01,12118.25,13517.25,11331.23046875,13493.2802734375,32636300,13711.0240234375,14127.87998046875,14093.246533203124,13007.875,11337.727107747396,10549.101713053386,9282.189714030646,-466.6259765625,-287.81298828125,-75.98149414062573,89.06699218749964,28.160791015625364,22.56746419270894,38.97898714122857
2022-04-01,11021.4404296875,12275.080078125,10087.5302734375,12040.009765625,27106200,12956.166015625,13713.85400390625,13956.40703125,13054.078678385416,11350.84217936198,10556.11142171224,9316.9568950342,-754.8580078124996,-414.02597656249964,-136.83950195312354,46.203678385416424,13.11507161458394,7.009708658853924,34.76718100355356
2022-05-01,11527.6201171875,11543.1796875,10560.7802734375,10928.6796875,24741700,12290.2201171875,13419.29501953125,13887.41552734375,13118.92734375,11378.55702311198,10567.664123535156,9354.589302030245,-665.9458984374996,-294.55898437500036,-68.99150390625073,64.84866536458321,27.71484375,11.552701822916788,37.632406996044665
2022-06-01,12896.2001953125,13001.5400390625,11467.8603515625,11507.490234375,34664500,12203.8482421875,13276.07705078125,13870.395556640626,13201.108365885417,11418.002140299479,10595.964009602865,9396.84258273538,-86.37187500000073,-143.21796874999927,-17.019970703124272,82.18102213541715,39.44511718749891,28.29988606770894,42.253280705135694
2022-07-01,12266.919921875,13121.3896484375,12245.2099609375,12899.4697265625,30279200,11966.0861328125,13071.86806640625,13800.23603515625,13253.942350260417,11447.36875813802,10622.695682779948,9436.36925274108,-237.76210937500036,-204.208984375,-70.15952148437646,52.833984375,29.36661783854106,26.731673177082484,39.5266700057
2022-08-01,11815.7900390625,12611.490234375,11743.6904296875,12243.330078125,31294900,11905.594140625,12808.30908203125,13667.491552734375,13281.7763671875,11464.023299153645,10652.736446126302,9473.768242438975,-60.49199218749891,-263.55898437500036,-132.74448242187464,27.834016927083212,16.654541015625,30.04076334635465,37.39898969789465
2022-09-01,10778.6103515625,11966.169921875,10777.91015625,11789.8203125,21299800,11857.028125,12406.5970703125,13465.32255859375,13308.98671875,11458.882381184896,10670.232181803385,9506.033894682136,-48.566015624999636,-401.71201171874964,-202.1689941406239,27.210351562500364,-5.140917968748909,17.49573567708285,32.26565224316073
2022-10-01,10397.0400390625,11270.48046875,10301.7099609375,10788.6904296875,17602700,11630.912109375,11960.56611328125,13259.80205078125,13298.162044270834,11442.706795247395,10686.293306477864,9535.619255884523,-226.11601562500073,-446.0309570312511,-205.5205078125,-10.824674479166788,-16.175585937500728,16.061124674479288,29.585361202387503
2022-11-01,11108.5,11385.8701171875,10395.5595703125,10420.9501953125,28669200,11273.3720703125,11738.61015625,13126.2935546875,13310.242708333333,11445.447517903645,10713.004463704427,9569.454990108638,-357.5400390625,-221.95595703124854,-133.5084960937511,12.080664062499636,2.74072265625,26.711157226562136,33.835734224114276
2022-12-01,11015.990234375,11511.3203125,10794.1396484375,11282.4599609375,22686800,11023.1861328125,11494.6361328125,12955.16455078125,13277.697395833333,11445.040568033854,10728.83456624349,9602.491931833423,-250.18593750000036,-243.97402343750036,-171.12900390624964,-32.545312500000364,-0.40694986979178793,15.830102539062864,33.03694172478572
2023-01-01,12001.259765625,12246.009765625,10921.419921875,11003.0498046875,17985500,11060.280078125,11482.937109375,12805.408544921875,13223.143391927084,11459.067635091145,10748.282051595052,9640.298478155177,37.09394531250109,-11.699023437500728,-149.75600585937536,-54.55400390624891,14.027067057291788,19.447485351562136,37.80654632175356
2023-02-01,11783.7998046875,12208.8798828125,11666.3701171875,12034.8798828125,25409000,11261.31796875,11559.173046875,12636.513525390625,13157.329036458334,11474.986173502604,10766.135949707032,9677.761714558745,201.0378906249989,76.23593749999964,-168.89501953125,-65.81435546875036,15.91853841145894,17.853898111980016,37.46323640356786
2023-03-01,11726.400390625,11931.099609375,11223.099609375,11783.759765625,30416500,11527.1900390625,11579.05107421875,12499.173046875,13117.960709635418,11489.28272298177,10789.775370279947,9714.49603088117,265.8720703125,19.878027343751455,-137.34047851562536,-39.36832682291606,14.29654947916606,23.639420572915697,36.734316322425
2023-04-01,11338.669921875,11992.3203125,11034.1796875,11751.6796875,30345900,11573.2240234375,11423.298046875,12349.687548828126,13054.69638671875,11506.186743164062,10811.836853027344,9749.134514149679,46.03398437500073,-155.75302734375146,-149.48549804687354,-63.26432291666788,16.904020182291788,22.06148274739644,34.638483268508935
2023-05-01,10793.849609375,11329.0,10697.8701171875,11310.349609375,26691200,11528.7958984375,11275.991015625,12173.929541015625,12958.821028645832,11514.489396158855,10824.636877441406,9780.525452446016,-44.428125000000364,-147.30703124999854,-175.7580078125011,-95.87535807291715,8.30265299479288,12.800024414062136,31.39093829633748
2023-06-01,11026.58984375,11338.150390625,10648.1396484375,10758.8896484375,24370600,11333.8619140625,11197.07099609375,12002.6900390625,12844.018033854167,11541.942016601562,10852.40526123047,9811.897819289834,-194.93398437500036,-78.92001953125146,-171.239501953125,-114.8029947916657,27.452620442707484,27.76838378906359,31.372366843817872
2023-07-01,11183.91015625,11289.16015625,10730.9404296875,11059.3095703125,22945000,11213.883984375,11237.6009765625,11822.0990234375,12722.748697916666,11575.361450195312,10880.893575032553,9843.073931649007,-119.97792968750036,40.52998046875109,-180.59101562499927,-121.26933593750073,33.41943359375,28.488313802083212,31.176112359173203
2023-08-01,10418.2099609375,11305.5,10091.8603515625,11168.5,25406800,10952.2458984375,11239.71796875,11600.142041015624,12586.440690104168,11607.907674153646,10899.358752441407,9870.361980913023,-261.63808593749854,2.1169921874989086,-221.9569824218761,-136.30800781249854,32.54622395833394,18.465177408854288,27.28804926401608
2023-09-01,10109.5302734375,10611.740234375,9962.9404296875,10449.599609375,17404000,10706.41796875,11139.82099609375,11439.215576171875,12464.13603515625,11636.38223470052,10912.65087483724,9898.24352974953,-245.82792968750073,-99.89697265625,-160.92646484374927,-122.30465494791679,28.474560546874272,13.292122395832848,27.881548836507136
2023-10-01,9863.7998046875,10174.23046875,9373.759765625,10095.7099609375,18814100,10520.4080078125,11024.601953125,11259.61904296875,12311.643684895833,11676.065551757812,10924.479911295573,9925.222886769045,-186.00996093749927,-115.21904296874891,-179.59653320312464,-152.49235026041788,39.68331705729179,11.829036458333576,26.979357019514282
2023-11-01,9726.919921875,10122.2001953125,9677.76953125,9897.9296875,24201300,10260.4740234375,10797.16796875,11140.0525390625,12135.99501953125,11710.152221679688,10934.349955240885,9952.910039942664,-259.93398437500036,-227.43398437500036,-119.56650390624964,-175.64866536458248,34.086669921875,9.870043945311409,27.687153173619663
2023-12-01,9524.6904296875,9752.01953125,9106.150390625,9723.9296875,21196800,9928.630078125,10571.25703125,11065.2150390625,11948.094694010417,11748.23436686198,10946.041548665364,9979.696980619636,-331.8439453125011,-225.91093750000073,-74.83750000000146,-187.90032552083358,38.08214518229215,11.691593424478924,26.786940676971426
2024-01-01,8212.83984375,9527.1103515625,8208.4501953125,9527.1103515625,23603500,9487.5560546875,10219.9009765625,10899.476025390624,11739.415690104166,11760.461360677084,10951.37733968099,10001.315373105552,-441.0740234374989,-351.35605468749964,-165.739013671875,-208.67900390625073,12.226993815103924,5.335791015626455,21.618392485916047
2024-02-01,9330.4404296875,9391.51953125,7683.6298828125,8172.81005859375,24711800,9331.7380859375,10019.07802734375,10721.188037109376,11572.817708333334,11765.436539713543,10967.748946126301,10026.536700727602,-155.81796874999964,-200.82294921874927,-178.28798828124854,-166.59798177083212,4.97517903645894,16.371606445311045,25.221327622050012
2024-03-01,9400.849609375,9785.099609375,9221.5302734375,9345.740234375,32043300,9239.148046875,9879.77802734375,10577.884521484375,11409.212369791667,11757.00302734375,10986.17686360677,10053.079772163359,-92.59003906250109,-139.3000000000011,-143.30351562500073,-163.60533854166715,-8.43351236979288,18.42791748046875,26.543071435757156
2024-04-01,9587.1201171875,9718.3603515625,9135.580078125,9451.73046875,30079500,9211.1880859375,9735.8310546875,10466.451025390625,11247.070377604166,11755.54619140625,11005.129715983074,10080.380828988398,-27.9599609375,-143.94697265624927,-111.43349609375036,-162.14199218750036,-1.4568359374989086,18.95285237630378,27.301056825039268
2024-05-01,9364.3798828125,9805.919921875,9364.3798828125,9735.8798828125,27614300,9179.1259765625,9553.87802734375,10395.739501953125,11066.025358072917,11762.907682291667,11021.793318684895,10107.405910508316,-32.062109374999636,-181.95302734375036,-70.71152343749964,-181.04501953124964,7.36149088541606,16.66360270182122,27.025081519917876
2024-06-01,8848.7001953125,9509.7802734375,8797.0498046875,9358.58984375,22860600,9306.298046875,9396.92705078125,10318.322509765625,10865.737044270832,11757.414192708333,11034.339172363281,10132.31258172948,127.17207031249927,-156.9509765624989,-77.4169921875,-200.2883138020843,-5.49348958333394,12.545853678386266,24.906671221164288
2024-07-01,8754.08984375,8932.080078125,8416.599609375,8835.16015625,25898700,9191.0279296875,9261.3830078125,10200.602001953124,10713.27138671875,11747.872184244792,11040.983076985676,10155.39330111655,-115.27011718749964,-135.54404296875146,-117.72050781250073,-152.46565755208212,-9.542008463540697,6.6439046223949845,23.08071938706962
2024-08-01,8348.48046875,8799.08984375,8028.3701171875,8767.330078125,22966700,8980.5541015625,9109.85107421875,10067.226513671874,10543.029720052084,11730.918863932291,11045.206978352864,10177.617188547814,-210.47382812499927,-151.53193359374927,-133.37548828125,-170.2416666666668,-16.95332031250109,4.223901367187864,22.223887431264302
2024-09-01,10529.759765625,10556.9296875,7908.52001953125,8331.4599609375,29109200,9169.08203125,9190.13505859375,9993.651513671875,10490.080045572917,11748.977522786457,11065.619478352864,10209.261502900348,188.52792968749964,80.28398437500073,-73.57499999999891,-52.94967447916679,18.058658854166424,20.412500000000364,31.64431435253391
2024-10-01,10591.2197265625,11864.1103515625,9865.8701171875,11864.1103515625,56580300,9414.45,9296.78798828125,9934.022509765626,10475.73935546875,11764.909016927084,11085.333654785156,10242.693224207014,245.36796875000073,106.65292968749964,-59.629003906249636,-14.340690104167152,15.931494140626455,19.714176432291424,33.43172130666608
2024-11-01,10611.7197265625,11560.349609375,10202.23046875,10563.83984375,63242300,9767.05390625,9536.6759765625,9878.2884765625,10445.209342447917,11782.068343098957,11098.746903483074,10276.39073711608,352.60390624999854,239.8879882812489,-55.734033203125364,-30.530013020832484,17.159326171873545,13.41324869791788,33.69751290906606
2024-12-01,10414.6103515625,11134.5498046875,10414.6103515625,10595.4697265625,49581200,10099.1580078125,9645.09296875,9832.085498046876,10362.489680989584,11781.7990234375,11093.747847493489,10308.695770394648,332.10410156250146,108.4169921875,-46.202978515624636,-82.71966145833358,-0.26931966145821207,-4.999055989585031,32.30503327856786
2025-01-01,10156.0703125,10411.4697265625,9693.7998046875,10400.66015625,31912300,10460.6759765625,9720.6150390625,9800.196533203125,10292.12802734375,11773.035188802083,11085.460388183594,10339.621408094152,361.51796874999854,75.52207031250146,-31.888964843750728,-70.36165364583394,-8.76383463541606,-8.287459309894984,30.925637699503568
2025-02-01,10611.240234375,11045.9599609375,10124.2001953125,10237.7099609375,45504900,10476.9720703125,9823.02705078125,9779.429052734375,10251.9763671875,11766.8763671875,11075.907824707032,10372.703651002548,16.29609375000109,102.41201171874854,-20.767480468750364,-40.15166015624891,-6.158821614582848,-9.552563476561772,33.08224290839644
2025-03-01,10843.732421875,10931.9501953125,10540.419921875,10642.1796875,3860431270,10527.474609375,9970.9623046875,9762.420166015625,10254.147102864583,11781.566910807293,11056.601322428385,10407.81726545735,50.502539062499636,147.9352539062511,-17.008886718749636,2.1707356770821207,14.690543619792152,-19.306502278646803,35.11361445480179
