Price,Close,High,Low,Open,Volume,5_Month_MA,10_Month_MA,20_Month_MA,30_Month_MA,60_Month_MA,120_Month_MA,233_Month_MA,5_Month_MA_Slope,10_Month_MA_Slope,20_Month_MA_Slope,30_Month_MA_Slope,60_Month_MA_Slope,120_Month_MA_Slope,233_Month_MA_Slope,5_Month_MA_Percent_Change,10_Month_MA_Percent_Change,20_Month_MA_Percent_Change,30_Month_MA_Percent_Change,60_Month_MA_Percent_Change,120_Month_MA_Percent_Change,233_Month_MA_Percent_Change
Ticker,0700.HK,0700.HK,0700.HK,0700.HK,0700.HK,,,,,,,,,,,,,,,,,,,,,
Date,,,,,,,,,,,,,,,,,,,,,,,,,,
2004-06-01,0.7452253699302673,0.8015508605146324,0.6845673906529784,0.7582236204031276,3991876934,,,,,,,,,,,,,,,,,,,,,
2004-07-01,0.6672365665435791,0.7712217726943703,0.5849154819438975,0.7452252750581753,1144248100,,,,,,,,,,,,,,,,,,,,,
2004-08-01,0.6369077563285828,0.7018981721942976,0.5849155917204686,0.6672366917701198,532151714,,,,,,,,,,,,,,,,,,,,,
2004-09-01,0.6585707664489746,0.6888997529914873,0.5979128493920925,0.6369076528580419,450780583,,,,,,,,,,,,,,,,,,,,,
2004-10-01,0.7972174286842346,0.831879801436273,0.6585707951115224,0.6585707951115224,937747024,0.7010315775871276,,,,,,,,,,,,,,,,,,,,
2004-11-01,1.022518515586853,1.0485150130309828,0.766888382436865,0.7885525038279174,1048726177,0.7564902067184448,,,,,,,0.05545862913131716,,,,,,,7.911002999636563,,,,,,
2004-12-01,0.8015508055686951,1.1005072963184994,0.8015508055686951,1.0225185832215165,869202565,0.783353054523468,,,,,,,0.026862847805023238,,,,,,,3.550984211884356,,,,,,
2005-01-01,0.7885525822639465,0.8622088094194561,0.7408929111665431,0.8145491383220527,729109169,0.8136820197105408,,,,,,,0.03032896518707273,,,,,,,3.8716853163383025,,,,,,
2005-02-01,0.883871853351593,0.9358639494826604,0.7885524688392909,0.7885524688392909,687443531,0.8587422370910645,,,,,,,0.04506021738052368,,,,,,,5.537816528937611,,,,,,
2005-03-01,0.9791913032531738,1.0311842993065008,0.8622087429774752,0.8925377292105824,536085678,0.8951370120048523,0.79808429479599,,,,,,0.03639477491378784,,,,,,,4.238148927793839,,,,,,
2005-04-01,0.9358639717102051,0.9878570215545163,0.8665411378702144,0.9878570215545163,355144385,0.8778061032295227,0.8171481549739837,,,,,,-0.017330908775329612,0.019063860177993774,,,,,,-1.9361179956701058,2.388702584714686,,,,,
2005-05-01,0.9618604779243469,0.9878569735696603,0.9012025110145683,0.9358639262508958,437548620,0.909868037700653,0.8466105461120605,,,,,,0.03206193447113037,0.029462391138076804,,,,,,3.652507581477482,3.6055140011929554,,,,,
2005-06-01,1.022518515586853,1.152500218413519,0.9618605444798722,0.9618605444798722,679779673,0.9566612243652344,0.8851716220378876,,,,,,0.04679318666458132,0.038561075925827026,,,,,,5.1428542080490525,4.554759694751431,,,,,
2005-07-01,1.0571799278259277,1.1178379018380575,0.9965220658700865,1.022518564559291,617123813,0.9913228392601013,0.9250325381755828,,,,,,0.034661614894866966,0.03986091613769527,,,,,,3.623185931662043,4.5031850485587555,,,,,
2005-08-01,1.2998120784759521,1.3864665681507888,0.9965222610645085,1.0571801349017487,758531110,1.055446994304657,0.9752920031547546,,,,,,0.0641241550445556,0.050259464979171775,,,,,,6.468544101376317,5.433264550704031,,,,,
2005-09-01,1.6377631425857544,1.6464289040652815,1.3084777651753583,1.3171426302045295,626148952,1.1958268284797668,1.0368164658546448,,,,,,0.1403798341751099,0.0615244626998902,,,,,,13.300510109235187,6.3083120235661205,,,,,
2005-10-01,1.3951313495635986,1.6810905205811402,1.3604699816159964,1.6290984126315848,291323372,1.2824810028076172,1.096174520254135,,,,,,0.08665417432785039,0.05935805439949027,,,,,,7.246381521479339,5.725030066007064,,,,,
2005-11-01,1.3604695796966553,1.5771048302560688,1.2564843860108363,1.4297933036184995,942726915,1.3500712156295775,1.153366219997406,,,,,,0.06759021282196032,0.057191699743270874,,,,,,5.270270099439389,5.217389994616162,,,,,
2005-12-01,1.4384586811065674,1.49045180079209,1.377800807191581,1.377800807191581,333748095,1.4263269662857057,1.2088249027729034,,,,,,0.07625575065612811,0.05545868277549748,,,,,,5.648276163014687,4.808419200592007,,,,,
2006-01-01,1.7330825328826904,1.8543984905951179,1.4384585123776998,1.4384585123776998,479328616,1.5129810571670532,1.2842140257358552,1.0411491602659226,,,,,0.08665409088134757,0.07538912296295175,,,,,,6.075331458326372,6.23656269737809,,,,,
2006-02-01,1.8197368383407593,1.9757141471595658,1.6724243939620553,1.7590789773462867,305241285,1.549375796318054,1.3726013123989105,1.094874733686447,,,,,0.03639473915100089,0.08838728666305529,0.05372557342052442,,,,,2.40549866626536,6.882597829626524,5.16021867671701,,,,
2006-03-01,2.2616732120513916,2.3569925451653186,1.6984209570038264,1.8110710270219748,557470916,1.7226841688156127,1.502582585811615,1.1745965659618378,,,,,0.1733083724975586,0.1299812734127046,0.07972183227539076,,,,,11.185689934579447,9.469703419235032,7.281365604900492,,,,
2006-04-01,2.7122747898101807,2.7296054157898837,2.21834612246151,2.261673359748514,402231738,1.9930452108383179,1.6715582132339477,1.2783649176359178,,,,,0.27036104202270517,0.16897562742233263,0.10376835167407994,,,,,15.694173483267381,11.245679872634827,8.834382347194026,,,,
2006-05-01,2.8942482471466064,3.1888722141921186,2.4349811124524114,2.7122744556533824,473146444,2.284203124046326,1.8552650451660155,1.3901487916707993,,,,,0.291157913208008,0.18370683193206783,0.11178387403488155,,,,,14.608695860217868,10.990154604107506,8.744285179665567,,,,
2006-06-01,2.8422563076019287,3.1368802908286857,2.4956393294232337,2.911579030899967,497700792,2.506037878990173,2.009509468078613,1.492400735616684,,,,,0.2218347549438473,0.15424442291259766,0.10225194394588466,,,,,9.711691250595988,8.313875330885413,7.355467598758958,,,,
2006-07-01,2.571894645690918,2.807594067284926,2.339662021554208,2.807594067284926,326362842,2.656469440460205,2.1029226183891296,1.5698695421218871,,,,,0.150431561470032,0.09341315031051645,0.07746880650520316,,,,,6.002764871640709,4.6485548734355175,5.190885038876081,,,,
2006-08-01,2.9462406635284424,3.095286510055124,2.5718946654829606,2.5718946654829606,376876259,2.793382930755615,2.258033549785614,1.6771040350198745,,,,,0.1369134902954099,0.15511093139648446,0.10723449289798737,,,,,5.153964439044745,7.375969521660375,6.830790076546478,,,,
2006-09-01,3.1091504096984863,3.289391821913318,2.9011808941260115,2.9462405188138736,348459401,2.8727580547332763,2.4329016327857973,1.7931339263916015,,,,,0.07937512397766122,0.1748680830001832,0.11602989137172703,,,,,2.8415410971309285,7.744264163691716,6.9184671283884835,,,,
2006-10-01,3.230466842651367,3.240865891494393,2.991301717792689,3.1091508813022553,267528700,2.9400017738342283,2.612102448940277,1.9104636758565903,,,,,0.06724371910095206,0.1792008161544798,0.11732974946498875,,,,,2.340737292169748,7.365723864030027,6.543278655214357,,,,
2006-11-01,3.726128578186035,4.1940613149142845,3.2512640391673875,3.2720603424889267,412002294,3.11677622795105,2.8114070534706115,2.0478105396032333,1.6312351246674857,,,,0.17677445411682147,0.19930460453033438,0.13734686374664307,,,,,6.012732906833573,7.630045468208624,7.189190010904611,,,,
2006-12-01,4.800639629364014,4.809305614252261,3.630808764175023,3.7781210945472483,373106454,3.562525224685669,3.109497332572937,2.2410493224859236,1.7664155999819438,,,,0.4457489967346193,0.29809027910232544,0.19323878288269025,0.1351804753144581,,,,14.301604097758801,10.602885794653627,9.436360402761213,8.28700125875561,,,
2007-01-01,5.259906768798828,5.528535266320631,4.575339685308501,4.8006396032997385,481972998,4.0252584457397464,3.4093206882476808,2.455951637029648,1.9195046067237853,,,,0.4627332210540773,0.29982335567474383,0.21490231454372433,0.15308900674184156,,,,12.988910726797886,9.642180828843383,9.58936121518914,8.666647121062931,,,
2007-02-01,4.6013360023498535,5.459212137804458,4.358704082845648,5.259907458839445,273061660,4.32369556427002,3.598226809501648,2.6348925113677977,2.0516522149244945,,,,0.29843711853027344,0.1889061212539671,0.17894087433814976,0.13214760820070914,,,,7.414110734830781,5.5408727581757855,7.286009693357398,6.8844642382108745,,,
2007-03-01,4.419361591339111,5.1732534535882655,4.2720501508688615,4.6619934911155765,401760834,4.5614745140075685,3.7507381439208984,2.803001594543457,2.177011909087499,,,,0.23777894973754865,0.15251133441925058,0.16810908317565953,0.1253596941630044,,,,5.49943783513569,4.2385136483481745,6.380111615573747,6.110182478837811,,,
2007-04-01,4.6533284187316895,4.869963708128561,4.072745502496948,4.4453582181885745,431275556,4.746914482116699,3.9318453550338743,2.970677411556244,2.305548942089081,,,,0.18543996810913033,0.1811072111129759,0.16767581701278678,0.12853703300158204,,,,4.065351402044959,4.8285751807683575,5.982009333822624,5.904287085662241,,,
2007-05-01,5.840490818023682,5.918479312450593,4.618666589750121,4.6533287404623405,691820988,4.954884719848633,4.258704972267151,3.1808137953281403,2.466148018836975,,,,0.20797023773193413,0.3268596172332767,0.21013638377189636,0.1605990767478942,,,,4.381166724520336,8.313135124065951,7.073685717420686,6.965763069092512,,,
2007-06-01,5.450547218322754,5.866487182305036,5.18191869926989,5.8404905703731895,358016023,4.993012809753418,4.509135627746582,3.383584588766098,2.621114565928777,,,,0.038128089904785334,0.25043065547943133,0.20277079343795767,0.15496654709180202,,,,0.769505085598654,5.880441521782931,6.374808664869969,6.283748822379431,,,
2007-07-01,6.273761749267578,6.707032380289271,5.4505477296164475,5.4505477296164475,262981191,5.327497959136963,4.825596761703491,3.6292491972446443,2.8039548714955647,,,,0.33448514938354457,0.316461133956909,0.24566460847854632,0.18284030556678754,,,,6.699064515319431,7.018221674451142,7.26048372764736,6.9756701192494,,,
2007-08-01,7.018987655639648,7.018987655639648,4.939286895684089,6.273761292259425,411183894,5.84742317199707,5.20444884300232,3.9082756459712984,3.0084587315718334,,,,0.5199252128601071,0.3788520812988283,0.27902644872665405,0.20450386007626875,,,,9.759275683407932,7.850885600418245,7.688269213877441,7.293407684810238,,,
2007-09-01,8.70007610321045,8.75206931847203,6.672368946190145,7.1749633036755815,341961301,6.656772708892822,5.70184359550476,4.256625324487686,3.265821558237076,,,,0.809349536895752,0.4973947525024407,0.34834967851638776,0.25736282666524257,,,,13.841131607708412,9.557107150187804,8.913129729615443,8.554640419839753,,,
2007-10-01,11.438349723815918,12.616845769826718,7.599570019925113,8.70007757452977,714934149,7.77634449005127,6.365614604949951,4.737555968761444,3.6159044166405994,,,,1.1195717811584478,0.663771009445191,0.48093064427375776,0.3500828584035234,,,,16.818537001613485,11.64134017931493,11.298402081739267,10.719595426778362,,,
2007-11-01,10.138537406921387,11.646319442555143,7.998179639391927,11.386356898969959,694317005,8.713942527770996,6.853477668762207,5.131399178504944,3.9217936476071675,,,,0.9375980377197264,0.48786306381225586,0.3938432097435003,0.30588923096656817,,,,12.057053785609039,7.664037081869357,8.313214922217881,8.459549692708922,,,
2007-12-01,10.3985013961792,10.3985013961792,8.925380409876338,9.930568573380487,233420548,9.53889045715332,7.433194208145141,5.515710508823394,4.234326410293579,,,,0.8249479293823239,0.5797165393829342,0.3843113303184502,0.3125327626864114,,,,9.466988412572697,8.45872077507821,7.489406240861207,7.969128178814278,,,
2008-01-01,8.015510559082031,10.779778018974005,6.880340837345068,10.398499748644078,477106950,9.738195037841797,7.792809104919433,5.771773624420166,4.466270764668782,,,,0.19930458068847656,0.3596148967742918,0.2560631155967714,0.23194435437520333,,,,2.0893895530482265,4.837959115614576,4.642432107108441,5.477715506564396,,,
2008-02-01,8.613423347473145,9.194005789556964,7.894194111218484,8.136825552792311,256029707,9.720864486694335,8.18881859779358,6.0603319764137265,4.710057806968689,,,,-0.017330551147461293,0.3960094928741462,0.2885583519935606,0.2437870422999069,,,,-0.17796471604970554,5.081729675941293,4.999474525000092,5.458402661755901,,,
2008-03-01,7.668891906738281,8.785863447807355,5.892481306746667,8.587426133213938,471369710,8.966972923278808,8.37165870666504,6.315181839466095,4.9110954324404394,,,,-0.753891563415527,0.18284010887145996,0.25484986305236834,0.2010376254717503,,,,-7.755396286487015,2.2328020420518957,4.205212916457746,4.268262380438492,,,
2008-04-01,8.934043884277344,9.601280842364178,7.712220608111287,7.946186080734309,413794594,8.72607421875,8.720008373260498,6.61457200050354,5.162392516930898,,,,-0.24089870452880824,0.34834966659545863,0.2993901610374454,0.2512970844904583,,,,-2.686510894924421,4.161059101921127,4.740800322904981,5.116925295943253,,,
2008-05-01,11.386357307434082,12.28756160111539,8.934044578920378,8.934044578920378,858530176,8.923645401000977,9.231267929077148,7.0284323453903195,5.496588774522146,,,,0.19757118225097692,0.5112595558166504,0.41386034488677925,0.33419625759124827,,,,2.2641473966202197,5.863062670724073,6.256797036229611,6.473670037588142,,,
2008-06-01,10.482327461242676,12.524903943442755,10.22157299757498,11.733949066683861,782876080,9.417008781433106,9.577601909637451,7.391025376319885,5.79805106719335,,,,0.4933633804321289,0.34633398056030273,0.36259303092956596,0.3014622926712036,,,,5.52872013915735,3.7517487654041615,5.158946022541944,5.484534227274662,,,
2008-07-01,12.090312957763672,12.168539023792844,9.908667400884624,10.482327016794267,403417539,10.112386703491211,9.916625595092773,7.809234595298767,6.143292081356049,,,,0.6953779220581051,0.3390236854553219,0.4182092189788813,0.34524101416269914,,,,7.384276028595571,3.539755448743165,5.658338291176523,5.954432104197016,,,
2008-08-01,11.647028923034668,12.507519157753427,10.812614940163504,11.820864907205006,354468497,10.908014106750489,9.937493515014648,8.151554059982299,6.470868484179179,,,,0.795627403259278,0.020867919921874645,0.34231946468353236,0.32757640282313005,,,,7.867849861641418,0.2104336774819915,4.3835213362601655,5.332261570588104,,,
2008-09-01,9.647912979125977,12.133772221865156,8.152920839316437,11.64703015581542,711262969,11.050787925720215,9.888431072235107,8.370954370498657,6.717076476414999,,,,0.14277381896972585,-0.049062442779540305,0.21940031051635778,0.2462079922358198,,,,1.3088892035936217,-0.4937104382046753,2.6915151258511516,3.8048678139229963,,,
2008-10-01,9.560995101928711,9.786982728092513,6.1277282252855905,9.647913558019596,942816179,10.685715484619141,9.804680442810058,8.6189373254776,6.945367153485616,,,,-0.3650724411010735,-0.08375062942504918,0.24798295497894252,0.22829067707061768,,,,-3.303587432452515,-0.8469556880484896,2.962421535266002,3.3986612758123647,,,
2008-11-01,7.388041973114014,10.117272029845921,6.6579297115425655,9.347870492301848,784439434,10.066858386993408,9.741933584213257,8.767371344566346,7.0951602776845295,,,,-0.6188570976257335,-0.0627468585968014,0.14843401908874654,0.14979312419891322,,,,-5.791442777196409,-0.6399684208251211,1.7221846903327176,2.1567344229417307,,,
2008-12-01,8.691813468933105,9.213322366987208,7.214205224173536,7.388041223797845,577168708,9.387158489227295,9.749772596359254,8.969295597076416,7.290145516395569,,,,-0.6796998977661133,0.007839012145996804,0.20192425251006973,0.19498523871103934,,,,-6.751857149836338,0.08046669665968675,2.3031333403622067,2.7481442431159797,,,
2009-01-01,8.413675308227539,9.30024099108103,7.205512975069308,8.691813632195787,563328179,8.740487766265868,9.824250936508179,9.097954821586608,7.484871538480123,,,,-0.6466707229614261,0.07447834014892507,0.12865922451019252,0.19472602208455392,,,,-6.88888680960853,0.7638982285262497,1.4344406772827334,2.6710855310996706,,,
2009-02-01,7.813940048217773,8.830882471256023,7.561877988122391,8.413675000559914,402453638,8.373693180084228,9.712240552902221,9.21612446308136,7.647128184636434,,,,-0.3667945861816406,-0.11201038360595739,0.1181696414947524,0.16225664615631086,,,,-4.196500195301378,-1.14014172001361,1.2988594009542886,2.1677946685142224,,,
2009-03-01,9.978201866149902,10.404099892903087,7.553185074003115,7.60533577938668,647516336,8.457134532928468,9.571425008773804,9.401346468925476,7.8760965665181475,,,,0.0834413528442397,-0.1408155441284169,0.18522200584411586,0.22896838188171387,,,,0.9964701482339189,-1.449877022314261,2.0097602477710863,2.9941747588555723,,,
2009-04-01,11.994702339172363,12.168539243506443,9.978203060872866,10.099887455216791,448488822,9.378466606140137,9.722662496566773,9.650132203102112,8.168237749735514,,,,0.9213320732116692,0.15123748779296875,0.24878573417663574,0.2921411832173666,,,,10.894139966963934,1.5800937441847518,2.646277690104859,3.7092128156386517,,,
2009-05-01,15.019453048706055,15.193289038175505,11.99470125701463,11.99470125701463,525218983,10.643994522094726,10.015576505661011,9.966101050376892,8.544681898752849,5.087958511710167,,,1.2655279159545891,0.2929140090942379,0.3159688472747799,0.3764441490173347,,,,13.493974751971072,3.012693376918829,3.2742437163006954,4.60863359455379,,,
2009-06-01,15.781476974487305,16.706208165913008,14.481621890823492,14.778233033169853,569638680,12.117554855346679,10.429021310806274,10.18325741291046,8.910709810256957,5.338562705119451,,,1.4735603332519531,0.4134448051452626,0.21715636253356863,0.3660279115041085,0.2506041934092842,,,13.84405384832872,4.128018041812931,2.1789500370895443,4.283692662187133,4.925437045772041,,
2009-07-01,18.250337600708008,18.6516349337179,1.5266766719750016,15.781481594595665,471022148,14.204834365844727,11.289263772964478,10.588847422599793,9.343724171320597,5.631614389022191,,,2.087279510498048,0.8602424621582045,0.4055900096893321,0.43301436106363944,0.29305168390273995,,,17.225253241391925,8.248544484867848,3.9829103129134236,4.859482244222613,5.489336738926309,,
2009-08-01,20.117244720458984,21.40837747657267,18.372469798821452,18.494604783384016,527703884,16.232642936706544,12.344888734817506,11.074784588813781,9.8609211285909,5.956286671757698,,,2.0278085708618168,1.0556249618530273,0.4859371662139882,0.5171969572703041,0.32467228273550663,,,14.275481984764603,9.350698000174628,4.589141261747254,5.535233572688036,5.7651724764464785,,
2009-09-01,22.001604080200195,22.996123925316393,19.64615759177983,20.06490383472069,395300809,18.23402328491211,13.806244945526123,11.77408926486969,10.446995878219605,6.312003893653552,,,2.001380348205565,1.461356210708617,0.6993046760559096,0.586074749628704,0.355717221895854,,,12.32935607595904,11.83774307002874,6.314386256887117,5.943407740372542,5.972130649495444,,
2009-10-01,23.920854568481445,26.520569152930776,21.28624581880099,22.001603280965558,525836523,20.014303588867186,15.329149055480958,12.539460825920106,11.08924674987793,6.697397845983505,,,1.7802803039550774,1.522904109954835,0.765371561050415,0.6422508716583248,0.3853939523299532,,,9.763507900245937,11.030545350771348,6.500473572372623,6.147708672857055,6.10573058608932,,
2009-11-01,25.00261116027832,26.69504300216782,23.379971252587836,23.71148023254077,507435318,21.85853042602539,16.988042640686036,13.406146788597107,11.727984094619751,7.097066056728363,,,1.8442268371582031,1.6588935852050781,0.8666859626770016,0.6387373447418216,0.39966821074485814,,,9.214544133246982,10.82182435046477,6.911668489649014,5.759970529547931,5.967514845852295,,
2009-12-01,29.486682891845703,28.963252370713573,25.02006193988928,25.17709109622892,456343507,24.10579948425293,19.15531692504883,14.433778738975525,12.529188617070515,7.575151591499647,,,2.247269058227541,2.1672742843627937,1.0276319503784173,0.8012045224507638,0.47808553477128335,,,10.280970469779982,12.757645658200856,7.665378923438992,6.8315621507222035,6.736382766481852,,
2010-01-01,25.334121704101562,30.56844308734921,23.990644035289737,29.399445264805532,749521313,25.149174880981445,20.690908908843994,15.1311669588089,13.164533948898315,7.98424441019694,,,1.0433753967285142,1.5355919837951646,0.6973882198333747,0.6353453318278,0.4090928186972933,,,4.328316915645547,8.016531335940025,4.831639949905964,5.070921599521361,5.400457188953833,,
2010-02-01,26.555458068847656,26.956757134635247,23.25783556169749,25.19453535398953,567959466,26.05994567871094,22.146984481811522,15.934823489189148,13.815749629338582,8.412104180455207,,,0.9107707977294943,1.4560755729675279,0.8036565303802483,0.6512156804402665,0.4278597702582676,,,3.621473873555381,7.0372721632598445,5.311266028377171,4.946743143115695,5.3588010120511065,,
2010-03-01,27.183584213256836,29.312209709453278,26.258854456177094,26.86952586783138,700071313,26.712491607666017,23.3633975982666,16.689487051963805,14.431866566340128,8.848844062288602,,,0.6525459289550781,1.2164131164550795,0.7546635627746578,0.6161169370015465,0.43673988183339496,,,2.5040187612062503,5.492454819093195,4.735939267144396,4.459525928967212,5.191803055032551,,
2010-04-01,28.509611129760742,28.87601431176648,26.7473889665355,26.88697104515696,490311090,27.4138916015625,24.636211013793947,17.53261616230011,15.000908613204956,9.308406514922778,,,0.7013999938964837,1.2728134155273452,0.843129110336303,0.5690420468648281,0.4595624526341755,,,2.625737816592122,5.447895196637753,5.051857541883487,3.9429552944455715,5.193474417666688,,
2010-05-01,26.206512451171875,29.10283864806419,23.761211268207912,28.265346083301832,731765301,26.757857513427734,25.431828498840332,18.360546135902403,15.53650778134664,9.729150714476903,,,-0.656034088134767,0.7956174850463853,0.8279299736022949,0.5355991681416832,0.42074419955412523,,,-2.393071723160145,3.229463672806321,4.722227224608777,3.570444844055687,4.520045389934446,,
2010-06-01,22.82915687561035,26.922659906064844,21.062302438914145,26.152941356582122,1277783837,26.256864547729492,25.70301971435547,19.023954224586486,15.950862963994345,10.092594687143961,,,-0.5009929656982415,0.27119121551513814,0.6634080886840827,0.41435518264770543,0.3634439726670582,,,-1.872320926467419,1.066345723145723,3.613226337460884,2.6669776019111913,3.735618692043241,,
2010-07-01,26.187929153442383,26.310383390544136,22.444297683574224,22.82915695973376,569561428,26.18335876464844,26.12165222167969,19.963948583602907,16.55661025047302,10.511440507570903,,,-0.07350578308105327,0.41863250732421875,0.9399943590164206,0.6057472864786764,0.41884582042694163,,,-0.2799488223258151,1.6287288885765028,4.9411092348065955,3.7975831642840907,4.1500311209413,,
2010-08-01,24.893402099609375,27.255038380312342,23.73882428194393,26.59028293568604,467904079,25.725322341918947,26.218906974792482,20.774028015136718,17.099276208877562,10.904667007923127,,,-0.4580364227294922,0.09725475311279297,0.8100794315338113,0.542665958404541,0.39322650035222395,,,-1.749341735896437,0.372314707689414,4.05771146996019,3.2776392642874352,3.7409382669197466,,
2010-09-01,29.669157028198242,29.931562080026815,24.561024897793367,24.630998492437023,484778337,25.957231521606445,26.68556156158447,21.836802101135255,17.832618379592894,11.371856906016667,,,0.23190917968749858,0.46665458679198935,1.0627740859985373,0.733342170715332,0.4671898980935403,,,0.901482114024299,1.7798399728891967,5.1158787560320995,4.288732234962067,4.28431145814987,,
2010-10-01,31.0511474609375,33.762655052101486,28.934421666360812,29.669152440334464,484750989,26.92615852355957,26.84200801849365,22.99866247177124,18.569855165481567,11.866123841206234,,,0.9689270019531264,0.1564464569091797,1.161860370635985,0.7372367858886726,0.4942669351895663,,,3.7327825240014656,0.5862588147082182,5.320652562838313,4.13420379551408,4.346404806835524,,
2010-11-01,30.211458206176758,33.0979045487469,28.741994712308678,32.5381085873229,673057334,28.40261878967285,27.32974166870117,24.010325288772584,19.19735852877299,12.346973651647568,,,1.4764602661132784,0.48773365020752024,1.0116628170013442,0.6275033632914244,0.48084981044133457,,,5.483367650908755,1.8170535150406009,4.398789791550128,3.3791505517924314,4.052290511005263,,
2010-12-01,29.54669952392578,32.25820904483901,29.16184027151459,30.316418028748167,355484012,29.074372863769533,27.628865814208986,24.887925148010254,19.832837597529092,12.81544433236122,,,0.6717540740966825,0.29912414550781463,0.8775998592376695,0.6354790687561014,0.4684706807136525,,,2.365113157597043,1.094500449853797,3.655093584459035,3.3102422283963984,3.7942146304907665,,
2011-01-01,35.33708190917969,36.00183910702493,29.564191501951857,29.7216352344213,529542660,31.163108825683594,28.44421558380127,25.903806591033934,20.60772989590963,13.375510988632838,,,2.088735961914061,0.8153497695922844,1.0158814430236802,0.7748922983805357,0.5600666562716174,,,7.184113554920035,2.951079407584545,4.081824567464598,3.907117650562908,4.3702476617010655,,
2011-02-01,36.03683090209961,37.086447511844256,32.71304798747485,35.37207359527867,542379275,32.43664360046387,29.196937561035156,26.91657428741455,21.420723295211793,13.945795889695486,,,1.2735347747802734,0.752721977233886,1.0127676963806174,0.8129933993021652,0.5702849010626476,,,4.08667434916079,2.6463094931067577,3.909725363418848,3.9450895533308383,4.263649452699814,,
2011-03-01,33.150390625,40.02538017002637,32.60809110974672,36.736582702659035,871624093,32.85649223327637,29.891325378417967,27.66157693862915,22.204139216740927,14.460607846577963,,,0.41984863281250284,0.6943878173828111,0.7450026512145982,0.7834159215291336,0.5148119568824772,,,1.2943652184978172,2.378289900888464,2.76782120658996,3.6572804322823727,3.691520806373405,,
2011-04-01,38.660865783691406,40.37523932543975,33.15037888243185,33.9375902627606,639779234,34.546373748779295,31.474496269226073,28.58875799179077,23.174134906133016,15.059751029809316,,,1.6898815155029254,1.5831708908081055,0.9271810531616218,0.9699956893920891,0.5991431832313534,,,5.143219499832807,5.296422526487166,3.3518734496543523,4.368535433522935,4.143277997633676,,
2011-05-01,39.15069580078125,39.780463610424675,36.21176849733846,38.66087518678746,509003753,36.46717300415039,32.77077293395996,29.446212577819825,24.232890033721922,15.664025155703227,,,1.9207992553710938,1.2962766647338881,0.8574545860290534,1.0587551275889062,0.6042741258939106,,,5.5600604258470465,4.118498525427761,2.999271903575762,4.568693208516317,4.012510729412511,,
2011-06-01,37.046512603759766,39.71273968697773,32.83668113115829,39.4671646117223,667897817,36.809059143066406,33.986083984375,30.10249547958374,25.178046671549478,16.234096093972525,,,0.34188613891601705,1.215311050415039,0.656282901763916,0.9451566378275551,0.5700709382692981,,,0.9375175280987857,3.708521165686718,2.2287514906357053,3.9003050668422024,3.6393642924005265,,
2011-07-01,35.57306671142578,38.344539008226036,34.80126457529994,37.046509792595046,396051507,36.71630630493164,34.57647495269775,30.631018257141115,26.083359718322754,16.784115628401437,,,-0.0927528381347642,0.5903909683227511,0.5285227775573738,0.9053130467732764,0.5500195344289125,,,-0.25198372437138516,1.7371550326132912,1.7557440641950528,3.5956444857823566,3.3880514889469415,,
2011-08-01,32.45077133178711,36.59043686860842,29.030285084858214,35.958964494620965,817016798,36.57638244628906,34.716437339782715,30.779222679138183,26.904587427775066,17.27585780620575,,,-0.1399238586425824,0.13996238708496378,0.14820442199706818,0.8212277094523124,0.49174217780431206,,,-0.3810945945392885,0.4047907928047545,0.48383772538320713,3.14847365646469,2.92980690011575,,
2011-09-01,28.802257537841797,33.678645379944655,26.59209655953934,33.32782490967279,647783798,34.60466079711914,34.57551727294922,30.952629470825194,27.532055950164796,17.70407625834147,,,-1.9717216491699219,-0.14092006683349467,0.173406791687011,0.62746852238973,0.4282184521357202,,,-5.390696174137277,-0.40591742019567834,0.5633891196496821,2.3321990128046366,2.4787102147940665,,
2011-10-01,32.11750411987305,33.327828333967396,24.539804410799302,28.591769645074073,566460859,33.1980224609375,34.832597732543945,31.230731773376466,28.202816009521484,18.1855268796285,,,-1.4066383361816364,0.25708045959472514,0.27810230255127166,0.670760059356688,0.4814506212870313,,,-4.064881156987788,0.743533227761306,0.8984771481641118,2.436287578998164,2.7194337296202686,,
2011-11-01,25.469478607177734,32.97700810934673,24.522266135452227,30.97734136823488,709764164,30.882615661621095,33.84583740234375,31.14502649307251,28.551150194803874,18.54791604677836,,,-2.3154067993164062,-0.9867603302001982,-0.08570528030395508,0.3483341852823898,0.36238916714986047,,,-6.9745322994489545,-2.83286459935278,-0.27442610351198216,1.235104271732257,1.9927339446832892,,
2011-12-01,27.381439208984375,27.94275051423085,24.99586797632557,27.71471756964463,380372765,29.244290161132813,32.98029823303223,31.088617897033693,28.937815602620443,18.9242627064387,,,-1.638325500488282,-0.8655391693115178,-0.05640859603881765,0.3866654078165688,0.37634665966033864,,,-5.305008871137451,-2.557298727824009,-0.18111590321288062,1.354290125540869,2.0290509117637967,,
2012-01-01,33.27519989013672,33.32782441160201,26.364063222790165,27.381438579169167,421801919,29.409175872802734,32.9927791595459,31.442052268981932,29.4386443456014,19.391184258461,,,0.16488571166992116,0.012480926513667612,0.35343437194823935,0.500828742980957,0.4669215520222991,,,0.5638218974077347,0.03784358293390522,1.1368609988350764,1.7307068019868366,2.4673170060328653,,
2012-02-01,35.432735443115234,35.88880126387519,31.76667584042111,33.5032303890657,450844876,30.735271453857422,32.66996612548828,32.072231197357176,29.949160703023274,19.90504091580709,,,1.3260955810546875,-0.3228130340576172,0.6301789283752441,0.5105163574218743,0.5138566573460892,,,4.509121869957067,-0.9784354100531023,2.0042550752862986,1.7341707431516085,2.6499498457495108,,
2012-03-01,37.993717193603516,39.537321263878646,33.959296804606794,35.081915637085196,505538215,31.910514068603515,32.554268264770506,32.66252059936524,30.48223114013672,20.46461350917816,,,1.175242614746093,-0.11569786071777344,0.5902894020080609,0.5330704371134445,0.5595725933710725,,,3.8237586953167924,-0.3541413550089634,1.8404999589074489,1.7799177826697266,2.8112104654188563,,
2012-04-01,42.76486587524414,43.045521559445866,37.22192427813519,38.48487304240404,349431213,35.369591522216794,33.12610359191895,33.556093788146974,31.110364850362142,21.099805800120034,,,3.459077453613279,0.5718353271484418,0.8935731887817369,0.6281337102254234,0.6351922909418732,,,10.839930206629411,1.7565602227566313,2.7357753547015085,2.060655295662861,3.1038567655186755,,
2012-05-01,37.43240737915039,43.64190448616635,35.71339303051968,42.79994123726729,581094845,37.37978515625,33.31203765869141,33.94425630569458,31.52469139099121,21.626337742805482,,,2.0101936340332074,0.18593406677246094,0.388162517547606,0.4143265406290695,0.5265319426854482,,,5.683395107264788,0.5612916902723697,1.1567571601099669,1.3317958263168617,2.4954350180912632,,
2012-06-01,39.786434173583984,42.427125208345466,35.983835003985675,37.56825253880098,370743893,38.68203201293945,34.0456039428711,34.381020641326906,31.86801643371582,22.198602525393166,,,1.3022468566894503,0.7335662841796875,0.43676433563232564,0.34332504272460795,0.5722647825876841,,,3.4838264886916104,2.2021057123423837,1.2867105754178931,1.0890671012967257,2.646147440188118,,
2012-07-01,40.807498931884766,42.356708532327936,38.624528886954,39.78643335545043,341125468,39.75698471069336,35.24612808227539,34.9108226776123,32.383795674641924,22.77416481177012,,,1.0749526977539077,1.200524139404294,0.5298020362853961,0.5157792409261042,0.5755622863769538,,,2.7789457839089815,3.5262236540693603,1.5409723923336838,1.618485549607085,2.592786125696711,,
2012-08-01,41.72294616699219,44.504476397118125,39.53997219896272,40.80750417824007,432593680,40.502830505371094,36.206672286987306,35.51963500976562,32.88937861124675,23.352564120292662,,,0.7458457946777344,0.9605442047119155,0.6088123321533203,0.5055829366048243,0.5783993085225418,,,1.876011976524783,2.725247444115575,1.7439071481513357,1.5612219817725759,2.539716882278875,,
2012-09-01,46.51140594482422,46.65224121980015,41.018764656688184,42.039830416997326,313941760,41.25213851928711,38.310865020751955,36.078351211547854,33.53363933563232,23.982752950986228,,,0.7493080139160142,2.1041927337646484,0.5587162017822322,0.6442607243855747,0.6301888306935659,,,1.8500139485724265,5.811615928373781,1.5729784431304683,1.9588716831678399,2.6985851636992297,,
2012-10-01,48.23665237426758,48.34227972658671,44.891774076001525,46.51139954897499,262262655,43.412987518310544,40.396386337280276,36.68834228515625,34.19120737711589,24.59605799516042,,,2.160848999023436,2.0855213165283217,0.6099910736083984,0.6575680414835645,0.6133050441741936,,,5.238150254957441,5.443681095163599,1.690739884513226,1.9609205994675305,2.557275411324178,,
2012-11-01,44.57490158081055,49.468983310403125,42.67360154632199,48.23666272151872,470713811,44.37068099975586,41.52635650634765,37.25956783294678,34.80348701477051,25.169997398058573,,,0.9576934814453182,1.1299701690673771,0.5712255477905259,0.6122796376546233,0.5739394028981515,,,2.2060068569143887,2.797206065990543,1.556967451270319,1.7907517301199993,2.3334609269952233,,
2012-12-01,43.83550262451172,44.89177992784147,42.11024957432485,44.117176814896226,320626364,44.97628173828125,42.3666332244873,37.518299674987794,35.50369853973389,25.727280751864114,,,0.6056007385253892,0.8402767181396484,0.2587318420410156,0.7002115249633789,0.5572833538055413,,,1.3648669005750014,2.0234780723206613,0.6944037655000068,2.0119004876327784,2.21407791583057,,
2013-01-01,47.7789306640625,48.06060481327742,43.83549621750164,43.83549621750164,469638086,46.187478637695314,43.3451545715332,37.94971141815186,36.22339859008789,26.390004420280455,,,1.2111968994140625,0.9785213470458984,0.4314117431640625,0.7197000503539996,0.6627236684163407,,,2.692968054722855,2.3096509506927987,1.149870188418145,2.0271128923330384,2.575956918293132,,
2013-02-01,47.215579986572266,49.081667943952155,46.22972233521866,47.18037208561244,288650307,46.32831344604492,43.790225982666016,38.45816478729248,36.96747118631999,27.033373697598776,,,0.14083480834960938,0.44507141113281534,0.508453369140625,0.7440725962321011,0.643369277318321,,,0.30491988847096696,1.0268077609420168,1.339808262408626,2.0541214386098794,2.437927887666058,,
2013-03-01,43.44820022583008,50.34920865035841,42.145456665248325,47.60288990040543,775718180,45.37062301635742,44.391805267333986,38.851921463012694,37.426772626241046,27.62969550291697,,,-0.9576904296875028,0.6015792846679702,0.393756675720212,0.459301439921056,0.596321805318194,,,-2.0671817263601677,1.3737752458872876,1.0238571650468264,1.2424475496474408,2.2058726816296836,,
2013-04-01,46.86349105834961,47.28600412404088,41.722943958283544,43.448196840606364,456867071,45.82834091186523,45.099510955810544,39.57255744934082,37.953850746154785,28.261852955818178,,,0.4577178955078125,0.7077056884765582,0.7206359863281264,0.5270781199137389,0.6321574529012075,,,1.0088419886647548,1.594225970794949,1.8548271467453192,1.4082916664425182,2.2879638786988066,,
2013-05-01,54.187007904052734,54.57430939348804,46.37055866932715,46.86348750656773,487946325,47.898641967773436,46.437461853027344,40.84179496765137,38.75303573608399,28.975197132428487,,,2.070301055908203,1.3379508972167997,1.2692375183105469,0.7991849899292021,0.7133441766103097,,,4.517512558199965,2.9666638703194748,3.2073679340421046,2.1056756408575295,2.524053103402246,,
2013-06-01,53.75279998779297,55.66118437117566,47.603563044013555,54.1062019304788,470755996,49.09341583251953,47.64044723510742,41.923559761047365,39.559905751546225,29.69637167453766,,,1.1947738647460966,1.2029853820800795,1.0817647933959975,0.8068700154622377,0.7211745421091713,,,2.4943794138254427,2.5905493842180327,2.648671034788763,2.0820820876000123,2.4889374826790878,,
2013-07-01,62.1638298034668,64.31960284695796,52.30385073522805,53.75280880928803,489131333,52.083065795898435,49.20568962097168,43.758277320861815,40.45413068135579,30.53093028863271,,,2.989649963378902,1.5652423858642592,1.8347175598144503,0.8942249298095675,0.8345586140950516,,,6.0897167424201815,3.285532518491552,4.376340106307364,2.260432407058044,2.810304986890433,,
2013-08-01,64.2489013671875,67.14681679538512,62.022457982325506,62.55255902364817,437937718,56.24320602416992,50.806914520263675,45.601650428771975,41.39453303019206,31.407628162701926,,,4.160140228271487,1.6012248992919922,1.8433731079101605,0.9404023488362654,0.8766978740692153,,,7.987510267875009,3.2541458348132712,4.212627234827937,2.324613909623996,2.8715072412832,,
2013-09-01,71.8824462890625,74.63899833529861,64.84969515566281,65.23843986249206,430862154,61.2469970703125,53.537668991088864,47.53201274871826,42.685601552327476,32.4448703845342,,,5.003791046142581,2.7307544708251896,1.9303623199462834,1.2910685221354186,1.0372422218322725,,,8.896703086222102,5.374769352970765,4.233097490542437,3.1189348631949665,3.302516880482065,,
2013-10-01,74.78035736083984,80.3994857089677,71.10495242520776,71.88244179020604,382912524,65.36566696166992,56.63215446472168,49.49939384460449,43.88958460489909,33.53185975551605,,,4.118669891357413,3.0944854736328153,1.967381095886232,1.2039830525716155,1.086989370981854,,,6.724688700458437,5.7800153274284005,4.139065404797715,2.8205835428971815,3.350265721819623,,
2013-11-01,79.2332534790039,79.40995627619704,68.52509760449134,74.21491158761873,510682009,70.46175765991211,59.77758674621582,51.56137065887451,45.225669860839844,34.72927994728089,,,5.096090698242193,3.145432281494138,2.061976814270018,1.336085255940752,1.1974201917648344,,,7.796280425365376,5.554145540151656,4.16566073666127,3.04419663108777,3.570992484447144,,
2013-12-01,87.39690399169922,88.70450194554552,77.7489635764171,79.5159844787844,372931352,75.5083724975586,63.795719146728516,53.792972564697266,46.90401624043783,36.041031455993654,,,5.046614837646487,4.018132400512698,2.2316019058227567,1.6783463795979827,1.3117515087127671,,,7.162204017112761,6.721804306974732,4.328050005859696,3.7110481387280236,3.7770766071280715,,
2014-01-01,96.03762817382812,96.30268237393794,85.0290861391092,87.39689342323179,605999179,81.86611785888672,69.05466194152832,56.72323360443115,48.919501622517906,37.501430670420326,,,6.357745361328128,5.2589427947998075,2.9302610397338853,2.0154853820800795,1.4603992144266726,,,8.419921064427239,8.243410161588383,5.44729339173371,4.2970422228842065,4.052046113635321,,
2014-02-01,109.99710083007812,111.49906735463526,88.3510877350824,96.03763047421573,642650480,89.48904876708984,75.36802291870117,60.23376693725586,51.50437927246094,39.204483350118004,,,7.6229309082031165,6.313360977172849,3.510533332824707,2.5848776499430315,1.7030526796976773,,,9.31146011020434,9.142555766211192,6.1888808337444035,5.283941095493905,4.541300556410444,,
2014-03-01,95.33081817626953,114.14960081311656,90.64821585137695,107.2582134594419,868029900,93.59914093017578,79.48240394592285,62.9599328994751,53.72199796040853,40.62702695528666,,,4.1100921630859375,4.1143810272216825,2.726165962219241,2.217618687947592,1.4225436051686557,,,4.59284372748574,5.459053943420855,4.525976210418703,4.30568957295121,3.6285227698693134,,
2014-04-01,85.38249206542969,101.86880775318076,85.27647476312661,96.12598817318086,731093628,94.82898864746093,82.64537315368652,65.14291019439698,55.49749755859375,41.85015678405762,,,1.2298477172851534,3.162969207763666,2.1829772949218764,1.7754995981852204,1.2231298287709578,,,1.3139519284718792,3.9794584093300056,3.4672484457811015,3.3049768541626223,3.0106309037013945,,
2014-05-01,96.5677261352539,101.16198381644307,82.16650067032545,85.38247519752514,524756624,96.66315307617188,86.08576278686523,67.64572620391846,57.867439142862956,43.209294668833415,24.148626590271792,,1.8341644287109489,3.440389633178711,2.5028160095214815,2.369941584269206,1.359137884775798,,,1.9341811558591049,4.16283392753396,3.8420389909702646,4.270357563000093,3.247629135032404,,
2014-06-01,104.68148040771484,105.83279634785673,95.38236023981518,96.79937349485884,388099116,98.39192352294921,90.12902069091797,70.46796760559081,60.44410718282064,44.69096139272054,25.014762048919994,,1.7287704467773324,4.043257904052737,2.8222414016723576,2.5766680399576813,1.4816667238871233,0.866135458648202,,1.78844822640436,4.696778855364503,4.1720912170632785,4.452707909877285,3.4290463087698564,3.586686205157208,
2014-07-01,113.71489715576172,115.92896544603028,104.68146804041224,104.68146804041224,440301499,99.13548278808594,94.3122657775879,73.92496738433837,63.12543042500814,46.28203738530477,25.95682588716348,,0.7435592651367244,4.183245086669928,3.4569997787475586,2.681323242187503,1.59107599258423,0.9420638382434845,,0.7557116870098524,4.641396361129502,4.905774774286642,4.436037468594756,3.5601740105850377,3.76603157927764,
2014-08-01,112.0322036743164,118.67443110066851,111.2351410740859,112.47502030198939,430036211,102.47575988769532,98.03745040893554,77.33480243682861,65.67874603271484,47.81395336786906,26.885120019813378,,3.3402770996093807,3.725184631347645,3.409835052490237,2.5533156077067005,1.5319159825642927,0.9282941326498992,,3.3694061961140775,3.9498410950411955,4.6125621331185584,4.044828828121805,3.3099579644924937,3.5763006489517357,
2014-09-01,102.290283203125,115.04335918601417,99.8990805401356,112.4750298569084,488229894,105.85731811523438,100.34315338134766,80.06037006378173,67.8219648996989,49.15209801991781,27.732050956785677,,3.3815582275390597,2.3057029724121207,2.725567626953122,2.143218866984057,1.3381446520487472,0.8469309369722993,,3.29986157823563,2.351859379037835,3.524373944291792,3.263184814637765,2.798648841591045,3.1501846982574078,
2014-10-01,109.46387481689453,109.81812076655251,99.45625632631264,102.29026790105878,359967030,108.4365478515625,102.54985046386719,83.17278480529785,70.0452651977539,50.577815024058026,28.637606435020764,,2.5792297363281165,2.2066970825195256,3.112414741516119,2.2233002980550083,1.4257170041402176,0.9055554782350868,,2.4365152851505423,2.199150622796475,3.887584755149831,3.2781419726529926,2.9006228860515293,3.2653750696123973,
2014-11-01,109.818115234375,119.4714872890024,107.60403968025147,110.70374838785642,452458067,109.46387481689453,103.92789916992187,86.4912805557251,72.45812212626139,51.991406758626304,29.54423640767733,,1.027326965332037,1.3780487060546847,3.318495750427246,2.4128569285074803,1.4135917345682785,0.9066299726565674,,0.947399180153119,1.3437842179401693,3.9898817361900596,3.4447109618265026,2.7948849389715313,3.165872031636896,
2014-12-01,99.63337707519531,108.48967986573018,92.54834070643182,107.78117329702164,588949833,106.64757080078125,102.89152679443359,89.12977485656738,74.45302022298178,53.16051832834879,30.36783495992422,,-2.8163040161132784,-1.036372375488284,2.6384943008422823,1.9948980967203909,1.1691115697224888,0.8235985522468887,,-2.572815936603967,-0.9972032377887463,3.0505899367998524,2.7531738860747668,2.248663082247737,2.78767926468686,
2015-01-01,116.90316772460938,122.21694507726319,98.57062596301989,99.63337850171843,576810278,107.62176361083985,105.04876174926758,92.26558284759521,76.98954251607259,54.68666909535726,31.335456752777098,,0.9741928100585966,2.1572349548339957,3.135807991027832,2.536522293090812,1.5261507670084669,0.9676217928528779,,0.9134692921214382,2.0966108891978363,3.5182496489799764,3.406876289899463,2.8708350012355277,3.186337762075664,
2015-02-01,120.35713195800781,121.59701856701896,113.36065826834098,115.04335419384638,297636269,111.23513336181641,108.5462257385254,95.59579944610596,79.61068204243978,56.25003032684326,32.33106725364924,,3.6133697509765597,3.4974639892578097,3.330216598510745,2.6211395263671875,1.5633612314859988,0.9956105008721394,,3.357471230486886,3.32937193263223,3.609381196899397,3.4045396825419294,2.858761115547126,3.177265002795604,
2015-03-01,130.36474609375,134.0843911070413,115.30903938951559,121.06563356052175,533976383,115.4153076171875,111.925927734375,99.00584526062012,82.40579338073731,57.96971635818481,33.40928021023671,,4.180174255371085,3.379701995849601,3.410045814514163,2.795111338297531,1.7196860313415527,1.0782129565874712,,3.757962191472508,3.1136061828541894,3.5671502663008114,3.510975244261161,3.0572179629935192,3.334912974349069,
2015-04-01,142.49786376953125,151.44272166517752,129.83334675676724,131.60461300301378,625913601,121.95125732421874,115.70756607055664,102.91829338073731,85.54783376057942,59.869520568847655,34.588963541885214,,6.53594970703125,3.7816383361816435,3.9124481201171903,3.142040379842115,1.8998042106628432,1.179683331648505,,5.6629833961971965,3.3786973337905257,3.9517344756950123,3.812887724198011,3.277235649945709,3.531004931040238,
2015-05-01,137.89259338378906,145.15475605402597,134.4386313529577,142.49787120517743,402270382,129.6031005859375,118.12533569335938,106.21880073547364,88.65842348734537,61.73095525105794,35.730052982767425,,7.651843261718767,2.417769622802737,3.3005073547363253,3.1105897267659515,1.8614346822102874,1.1410894408822116,,6.27450952914379,2.089551880581797,3.206920020065218,3.6360823997852343,3.109152477794952,3.298998651695406,
2015-06-01,137.33944702148438,145.41824493791756,133.1668917223651,138.22722943451026,368316661,133.6903564453125,120.65606002807617,109.34675521850586,91.77522163391113,63.63946008682251,36.866027386983234,,4.087255859374977,2.530724334716794,3.1279544830322266,3.116798146565756,1.9085048357645675,1.1359744042158084,,3.1536713557750007,2.1424060468164807,2.944821878399906,3.5155127104314454,3.0916496075635624,3.1793247123470314,
2015-07-01,128.46168518066406,140.18037194964157,116.6542201476472,137.33948219512124,546143710,135.31126708984374,123.27320022583008,111.80817680358886,94.46464678446452,65.34402268727621,37.92773159742355,,1.62091064453125,2.617140197753912,2.461421585083002,2.68942515055339,1.7045626004536985,1.0617042104403183,,1.2124364745742078,2.1690913801966527,2.2510238919887238,2.930448004017294,2.678468041885007,2.8798986104350055,
2015-08-01,117.00934600830078,129.527038523461,110.08466269756211,127.84025866949611,570980032,132.64018707275392,124.0277473449707,113.28879890441894,96.79110565185547,66.87928841908773,38.891977713505426,,-2.671080017089821,0.754547119140625,1.4806221008300753,2.3264588673909543,1.5352657318115206,0.964246116081874,,-1.9740263132088542,0.6120933972334042,1.3242520745428532,2.4627825822491234,2.3495121185896473,2.542324772587712,
2015-09-01,114.78987121582031,122.24722252572593,111.06119923455178,116.9205419690264,458473503,127.09858856201171,124.52492294311523,114.22641105651856,99.16916135152181,68.29796698888143,39.83491194744905,,-5.5415985107422046,0.4971755981445227,0.9376121520996179,2.3780556996663336,1.4186785697936983,0.9429342339436246,,-4.177918195865182,0.40085836338030756,0.8276300580171814,2.4568948599676954,2.121252488369474,2.4244954599369484,
2015-10-01,130.14846801757812,134.9424796976401,114.78988674393106,114.78988674393106,333643227,125.54976348876953,127.57643203735351,115.23397941589356,101.94532725016276,69.94958899815877,40.9078564196825,,-1.5488250732421847,3.051509094238284,1.007568359375,2.7761658986409543,1.6516220092773466,1.072944472233452,,-1.2186013163210774,2.4505207649333505,0.8820800286515773,2.7994246001540324,2.4182594037480243,2.69347770530759,
2015-11-01,136.98435974121094,140.5354753644233,129.7933428894686,132.10157759613614,369556867,125.47874603271484,129.58455123901368,117.31665649414063,104.70523897806804,71.72913735707601,42.038055504361786,,-0.07101745605469034,2.0081192016601648,2.082677078247073,2.7599117279052763,1.7795483589172392,1.1301990846792833,,-0.05656518505592345,1.5740518601995435,1.8073463129572476,2.7072469159206802,2.544044052873673,2.7627922448058007,
2015-12-01,135.38638305664062,139.82526713062626,126.95246951816684,138.8487135160338,383464061,126.86368560791016,131.08747634887695,119.81685104370118,107.42635841369629,73.49313208262126,43.15428820749124,,1.3849395751953182,1.5029251098632699,2.500194549560547,2.7211194356282533,1.7639947255452455,1.1162327031294552,,1.1037244306173033,1.1598026890498492,2.131150532478232,2.5988379017006347,2.4592443050916346,2.655290997019688,
2016-01-01,128.6392364501953,135.38636954663588,118.16344580600068,135.38636954663588,511146629,129.18966369628907,130.9149253845215,121.42042655944825,109.64220530192057,75.04816799163818,44.21183949013551,,2.3259780883789176,-0.1725509643554517,1.6035755157470675,2.2158468882242772,1.5550359090169223,1.057551282644269,,1.83344672451633,-0.13163039609994653,1.338355583357953,2.0626659238425438,2.1158928255619047,2.4506284927222843,
2016-02-01,125.97592163085938,131.12504678783537,117.27568023640553,129.88215096155903,343420747,131.42687377929687,129.2627311706543,122.48514862060547,111.69977264404297,76.54715283711751,45.2464743634065,,2.2372100830077954,-1.6521942138672046,1.0647220611572266,2.057567342122397,1.4989848454793275,1.0346348732709885,,1.7317252936482896,-1.2620365546666346,0.87688875037506,1.8766198075426344,1.9973636740157952,2.3401760370134195,
2016-03-01,140.624267578125,141.95593416256668,125.62079271130663,126.06467667454106,429130969,133.52203369140625,129.5358985900879,123.83061714172364,113.99116668701171,78.3383841196696,46.39949598312378,,2.0951599121093807,0.2731674194336051,1.345468521118164,2.291394042968747,1.79123128255209,1.1530216197172791,,1.5941640030392445,0.21132728432990966,1.0984748243117348,2.051386487840756,2.340036456174399,2.548312627535454,
2016-04-01,141.06817626953125,148.43675127509877,137.07317581591317,141.6896315606819,322014438,134.33879699707032,129.90877151489258,125.28241577148438,116.20076065063476,80.04517262776693,47.55246182878812,,0.8167633056640682,0.3728729248046818,1.451798629760745,2.2095939636230497,1.7067885080973326,1.1529658456643403,,0.6117067596137504,0.2878529649797068,1.1724068435346346,1.9383905155475611,2.1787384655395092,2.484867176323835,
2016-05-01,153.85215759277344,154.2072705959942,135.12001279919286,141.06813356103575,460642704,138.03195190429688,132.44781875610352,127.86050949096679,118.68805745442708,81.95686365763346,48.810444406668346,,3.693154907226557,2.5390472412109375,2.5780937194824105,2.4872968037923187,1.9116910298665317,1.2579825778802274,,2.7491350151863436,1.9544848370149248,2.057825676178582,2.140516800290615,2.388265234627518,2.6454625680781163,
2016-06-01,156.8466796875,158.98429123470106,148.74160609408415,153.1949487415311,408606356,143.6734405517578,136.43155212402343,130.22964973449706,121.00304997762045,83.95353310902914,50.09381460150083,,5.641488647460932,3.9837333679199105,2.3691402435302678,2.314992523193368,1.9966694513956753,1.2833701948324858,,4.087088945443873,3.007775745447172,1.8529100603166704,1.9504848026367538,2.4362443391398703,2.629294222646239,
2016-07-01,166.10958862304688,169.0487963337982,154.08557852277505,156.84663724357952,263239026,151.7001739501953,141.5635238647461,133.04422340393066,123.3387819925944,86.12914180755615,51.456628717978795,,8.0267333984375,5.131971740722662,2.8145736694335994,2.3357320149739564,2.1756086985270144,1.3628141164779635,,5.586789992368768,3.761572496116905,2.1612387618117346,1.9303083809920185,2.5914438832509656,2.7205237359526846,
2016-08-01,179.73681640625,182.9432330280674,161.65625568581962,166.5549403756535,342778976,159.5226837158203,146.5223587036133,137.0493953704834,125.6634391784668,88.58390922546387,52.92988351583481,,7.822509765625,4.9588348388672046,4.005171966552751,2.324657185872397,2.4547674179077177,1.4732547978560149,,5.156559522596993,3.502904352398728,3.0104065130229563,1.8847739115925188,2.850100867593186,2.8631001186077754,
2016-09-01,189.71231079101562,196.65951752092357,178.8461650413452,179.02429930326858,362585994,169.2515106201172,151.79515380859374,140.68985252380372,128.80948893229166,91.2657434463501,54.48490985234579,,9.72882690429688,5.272795104980446,3.6404571533203125,3.1460497538248546,2.6818342208862305,1.555026336510977,,6.0987106521027235,3.598628326511122,2.656310262062167,2.5035521663201,3.0274507462302536,2.937898656145288,
2016-10-01,183.29949951171875,194.34377908134988,182.7650967473339,192.74057078819533,233744456,175.14097900390624,156.58646545410156,143.83697090148925,132.0733891805013,93.78544336954752,55.98548512458801,,5.889468383789051,4.791311645507818,3.14711837768553,3.2639002482096373,2.5196999231974218,1.500575272242223,,3.4797139252765064,3.1564325509030544,2.236919238473911,2.53389736677343,2.7608386542959718,2.7541116913082586,
2016-11-01,172.5224151611328,186.68403691756967,168.9597447828373,185.0808286131883,502728783,178.2761260986328,160.97478332519532,145.9448543548584,134.6052121480306,96.23632564544678,57.39212084611257,,3.1351470947265625,4.388317871093761,2.1078834533691406,2.5318229675293082,2.4508822758992608,1.4066357215245588,,1.7900705549080298,2.802488617625798,1.4654670771764078,1.9169819016828127,2.6132864417369284,2.5125007283482104,
2016-12-01,168.95974731445312,174.03655157390136,159.96398936335282,173.68028305647843,373631864,178.84615783691407,165.27316589355468,147.2679485321045,136.74782104492186,98.59596411387126,58.76011341015498,,0.5700317382812727,4.298382568359358,1.3230941772461051,2.142608896891261,2.359638468424478,1.3679925640424102,,0.31974653631743344,2.6702210616901034,0.906571309481774,1.5917726087270267,2.451920782094108,2.3835894960398063,
2017-01-01,182.05258178710938,183.12138744538416,167.4456153516817,168.95976407218117,270695442,179.30931091308594,169.41599731445314,149.4759479522705,139.0257438659668,101.07558714548746,60.233385701974235,,0.46315307617186363,4.14283142089846,2.2079994201660043,2.277922821044939,2.4796230316161996,1.4732722918192565,,0.258967305629354,2.5066570235404484,1.4993075154331015,1.6657836327034659,2.514933601899183,2.507265909334766,
2017-02-01,184.36830139160156,192.7405823856307,178.8461686457885,179.91495949631675,336108893,178.24050903320312,173.74600982666016,151.82739067077637,141.43694712320965,103.55784657796224,61.731443746884665,,-1.0688018798828125,4.33001251220702,2.351442718505865,2.411203257242846,2.482259432474777,1.4980580449104295,,-0.5960660238111593,2.5558463078135807,1.5731244730133431,1.7343573860445938,2.4558446827539493,2.487089223777983,
2017-03-01,198.44088745117188,205.0318265643305,181.87445778250094,184.36832305010174,465584748,181.26878662109374,178.2048828125,155.32635078430175,144.6419672648112,106.23196608225504,63.3482897957166,,3.0282775878906136,4.458872985839832,3.498960113525385,3.205020141601551,2.674119504292804,1.6168460488319383,,1.698983920275099,2.566316769109278,2.3045644781662267,2.2660416579902254,2.582247113722702,2.6191612421401222,
2017-04-01,216.7886199951172,218.21369412067457,198.08459580994065,201.29099784989194,291332120,190.1220275878906,184.1990768432617,160.31531448364257,148.21945877075194,109.13236198425292,65.11608389218648,,8.853240966796875,5.994194030761719,4.988963699340815,3.577491505940742,2.900395901997882,1.7677940964698777,,4.884040507924192,3.3636530807455767,3.211923588077381,2.4733426775031653,2.7302477860120966,2.7905948245336987,
2017-05-01,238.34280395507812,249.9214875573928,215.3635710247561,216.78863047666107,534390846,203.99863891601564,191.42239837646486,166.49296112060546,152.50361506144205,112.48086859385172,67.0536031683286,,13.876611328125023,7.223321533203148,6.177646636962891,4.284156290690106,3.3485066095988003,1.937519276142126,,7.298791993847242,3.9214754259325746,3.8534351236875874,2.8904142048692405,3.068298485175247,2.975484949847562,
2017-06-01,249.29942321777344,257.51416032025946,234.6557530726995,238.40595785604327,511428089,217.44800720214843,198.3786590576172,172.45050888061525,157.49248326619465,115.97275174458822,69.08567713499069,,13.449368286132795,6.956260681152344,5.957547760009788,4.988868204752606,3.4918831507364985,2.0320739666620824,,6.5928715787509695,3.6339847061531705,3.578258035602011,3.2713114392354914,3.104424062855582,3.03052165826323,
2017-07-01,279.8367919921875,280.72968653685757,232.5127603816191,248.58506910003194,435715824,236.5417053222656,207.39110717773437,179.59313049316407,162.92360407511393,119.95657329559326,71.36536905368169,,19.093698120117182,9.01244812011717,7.142621612548822,5.431120808919275,3.983821551005036,2.2796919186910003,,8.780810808887708,4.543053251257034,4.141838524520414,3.4484952527795043,3.4351358324055115,3.299803972734572,
2017-08-01,293.7661437988281,304.48102705970325,275.01512026169337,275.90801488376815,580617866,255.60675659179688,218.43777160644532,187.51211853027343,168.70390446980795,124.15729325612386,73.75492868820827,,19.065051269531267,11.046664428710955,7.918988037109358,5.780300394694024,4.200719960530606,2.3895596345265773,,8.059911144868481,5.326488960418141,4.409404755829893,3.5478593955171167,3.5018672550601426,3.3483462163968136,
2017-09-01,300.1950378417969,312.1599785252601,285.0156531294589,296.26626634890704,410763913,272.2880401611328,231.2050338745117,196.08990859985352,174.36491419474285,128.38535378774006,76.18405336936316,,16.681283569335932,12.76726226806639,8.57779006958009,5.6610097249349,4.228060531616194,2.4291246811548888,,6.526151261320479,5.84480521577051,4.574525708958488,3.355589037921769,3.4054064974613496,3.293508277153623,
2017-10-01,312.3385925292969,318.2317796553429,300.1950545253476,300.1950545253476,324453761,287.0871978759766,245.54291839599608,205.40804214477538,180.02627182006836,132.78705279032388,78.69155539274216,,14.799157714843773,14.33788452148437,9.318133544921864,5.661357625325508,4.401699002583825,2.507502023379004,,5.435111180823826,6.201372124651217,4.7519699567695195,3.246844499348356,3.4285055675908005,3.2913738669454684,
2017-11-01,355.3766784667969,392.52159213882845,313.94582913371346,314.30299290206744,715468429,308.3026489257812,262.87532806396484,216.145662689209,187.27574132283527,137.96708240509034,81.56853990157445,,21.215451049804642,17.33240966796876,10.73762054443361,7.249469502766914,5.180029614766454,2.876984508832294,,7.389897984573257,7.058810647520342,5.227458687749698,4.026895313375478,3.9010050346895975,3.6560269961287917,
2017-12-01,362.5198974609375,366.8058623641747,326.089343579392,355.37665218140296,618221692,324.8392700195312,280.69048767089845,227.2182487487793,194.78175633748373,143.27848898569744,84.50288486878077,,16.53662109375,17.815159606933605,11.072586059570312,7.5060150146484546,5.311406580607098,2.9343449672063144,,5.363762248351911,6.77703751741916,5.122742655026724,4.0080017634047005,3.8497636450788075,3.5973979315396365,
2018-01-01,413.9513244628906,425.5591024526018,362.5199198086901,362.5199198086901,539920190,348.8763061523438,302.2415313720703,240.22320709228515,204.29807764689127,149.3813622156779,87.88568331797917,,24.037036132812545,21.551043701171864,13.004958343505848,9.516321309407545,6.102873229980474,3.382798449198404,,7.399670652925461,7.677867490272727,5.723553638459999,4.885632765791126,4.259448346492323,4.003175103964018,
2018-02-01,385.9140625,416.8086238283077,355.3766649264379,416.0942963188166,634177139,366.0201110839844,319.1540756225586,251.67657623291015,213.26156819661458,155.02633692423504,91.0298553109169,,17.143804931640602,16.91254425048828,11.453369140625,8.963490549723304,5.644974708557129,3.1441719929377285,,4.914006663483317,5.595704923049882,4.767802944294641,4.3874571180331,3.7789016145179266,3.577570173246314,
2018-03-01,365.734375,424.6661861273886,361.62700670396015,383.94966691269735,969419582,376.699267578125,331.89323272705076,261.65781555175784,221.6263849894206,160.3977731704712,94.01373433669409,,10.679156494140614,12.739157104492165,9.981239318847685,8.36481679280601,5.371436246236158,2.983879025777185,,2.9176420012861692,3.9915382812024225,3.9658991981878833,3.9223273389296986,3.464854006620377,3.277912521760684,
2018-04-01,349.12628173828125,380.0208402118929,336.8041776769301,365.7343504605505,510417420,375.4491882324219,341.87591857910155,270.1272888183594,228.92564544677734,165.43548634847005,96.84866965214411,,-1.2500793457031136,9.982685852050793,8.46947326660154,7.299260457356752,5.037713177998853,2.834935315450025,,-0.3318507502656276,3.0078003609855353,3.2368508652194983,3.2934979549953836,3.1407625420365237,3.015448046449465,
2018-05-01,356.44818115234375,378.77084348918436,335.1970101547751,349.1263384469169,592726926,374.23484497070314,349.5370574951172,278.4640823364258,236.24110616048176,170.4731725692749,99.7241848508517,,-1.2143432617187386,7.661138916015659,8.336793518066429,7.315460713704425,5.037686220804858,2.875515198707589,,-0.3234374450070687,2.240912126205541,3.0862463228112924,3.1955619037034477,3.0451061812660773,2.9690807411559828,
2018-06-01,352.445068359375,386.2754865350626,334.18736966207865,359.4259609981088,511293770,361.93359375,355.4049499511719,286.9213607788086,243.4763956705729,175.4513770421346,102.57387435833613,,-12.301251220703136,5.867892456054676,8.457278442382801,7.23528951009115,4.978204472859687,2.8496895074844275,,-3.2870405805387137,1.6787611871844632,3.037116446553112,3.062671703363984,2.9202275043228365,2.8575711215353072,
2018-07-01,317.89862060546875,356.20395993419675,316.2876273465172,352.44502504332166,429674347,348.33050537109375,357.17530822753906,294.1901710510254,249.78504180908203,179.7136235555013,105.122276922067,,-13.60308837890625,1.7703582763671761,7.268810272216797,6.308646138509118,4.262246513366705,2.5484025637308747,,-3.758448680589288,0.4981242598366631,2.5333806630801536,2.5910709418603295,2.429303539944927,2.4844557931273714,
2018-08-01,304.29486083984375,336.15631900990144,285.5001846198673,322.91055425201563,707853131,336.0426025390625,356.3709350585938,300.9569267272949,255.7290064493815,183.71438954671223,107.56100885470708,,-12.28790283203125,-0.8043731689452898,6.766755676269497,5.94396464029947,4.000765991210926,2.4387319326400814,,-3.5276562467419614,-0.22520402458303668,2.3001297603161053,2.3796319416286904,2.226189596569661,2.3199002191020446,
2018-09-01,289.2591247558594,305.1898689243165,273.1493977765707,298.38798880852954,530171757,324.0691711425781,349.7591796875,306.31725387573243,260.6835016886393,187.33733418782552,109.89110228617986,,-11.973431396484386,-6.61175537109375,5.360327148437534,4.9544952392577954,3.6229446411132926,2.3300934314727755,,-3.563069475719993,-1.8553015189094024,1.781094459837651,1.9374005741654043,1.9720527336221982,2.1662993460950686,
2018-10-01,238.96096801757812,290.8700862195294,224.99921264893172,289.25912242299603,665191660,300.571728515625,337.4032867431641,309.04688720703126,263.9465947469076,190.07367769877115,111.8027687271436,,-23.497442626953102,-12.355892944335949,2.729633331298828,3.263093058268282,2.7363435109456304,1.9116664409637423,,-7.250749136089563,-3.5326858198191036,0.891113150422207,1.2517451381199196,1.4606503945455707,1.7396007512831657,
2018-11-01,279.23529052734375,287.11115648055556,232.6960853154567,246.12086288688812,678330395,285.9297729492188,323.9316833496094,313.0866073608398,268.12603251139325,193.40704498291015,114.06816246509553,,-14.641955566406239,-13.471603393554688,4.03972015380856,4.1794377644856695,3.333367284139001,2.265393737951925,,-4.871368188457248,-3.9927303386968593,1.307154454884496,1.5834406837084813,1.7537237793766147,2.026241177873378,
2018-12-01,281.0252380371094,293.91303622313654,265.8104857542187,293.55504100608,422378911,278.5550964355469,313.4428009033203,316.29843826293944,272.26531778971355,196.634183883667,116.33760766983032,,-7.374676513671886,-10.488882446289097,3.2118309020996207,4.139285278320301,3.2271389007568416,2.2694452047347937,,-2.5791915397986975,-3.23799214014171,1.0258602018060392,1.5437834363003944,1.6685736039460108,1.989551822077651,
2019-01-01,309.664794921875,314.13972073154406,268.8534845740176,281.0252638143908,478561278,279.62908325195315,307.8358428955078,319.8645378112793,277.0504913330078,200.19463666280112,118.84803366661072,,1.0739868164062614,-5.606958007812466,3.566099548339878,4.785173543294263,3.560452779134124,2.5104259967803983,,0.38555633343249074,-1.7888297295881705,1.1274477256113968,1.757540615948061,1.8106987853345746,2.157880024407133,
2019-02-01,300.5359191894531,315.9296550809117,296.4189887895976,315.03468180494673,279125065,281.8844421386719,302.976806640625,322.4263626098633,281.07712809244794,203.37028363545735,121.28738349278768,,2.2553588867187386,-4.859036254882824,2.5618247985839844,4.026636759440123,3.1756469726562386,2.439349826176965,,0.8065537606067208,-1.5784504524160248,0.8009092899493142,1.453394556373544,1.5862797453485955,2.0524948969873336,
2019-03-01,323.0895690917969,332.21840342999195,298.38798598231716,301.96790881713457,441646070,298.7101623535156,299.6409454345703,324.58900146484376,285.523036702474,207.1662628173828,123.89664488633474,,16.825720214843727,-3.3358612060546875,2.1626388549804574,4.445908610026038,3.7959791819254463,2.609261393547058,,5.969013432307979,-1.101028571474616,0.670738843274199,1.5817397310832648,1.866535815394621,2.151304874758231,
2019-04-01,347.2541198730469,358.3519420921841,326.49048594628306,329.1754352888464,320401632,312.3139282226563,299.1218505859375,327.2634002685547,290.9881907145182,211.53078994750976,126.69047336578369,,13.603765869140659,-0.5190948486327898,2.6743988037109148,5.465154012044252,4.364527130126959,2.7938284794489476,,4.55416908549664,-0.1732389570056725,0.8239338953696995,1.9140851383347979,2.106775046656262,2.2549670186889026,
2019-05-01,291.7651062011719,353.51906767062127,283.53124467191196,347.2541652997465,493940479,314.46190185546874,296.5084991455078,326.84190368652344,294.9629470825195,214.78407961527506,128.99668714205424,,2.147973632812466,-2.6133514404297102,-0.42149658203123863,3.9747563680012945,3.2532896677653014,2.3062137762705532,,0.6877610758624586,-0.8736745360830467,-0.12879429281897892,1.3659510917749973,1.5379745277614543,1.8203529555154363,
2019-06-01,316.5107727050781,320.8194998761909,292.63334697179005,296.0444077908312,332725780,315.8310974121094,297.73009033203124,327.0505126953125,299.88131459554035,218.31456782023113,131.50276460647584,,1.3691955566406477,1.2215911865234261,0.20860900878903976,4.918367513020826,3.5304882049560717,2.506077464421594,,0.4354090427367341,0.41199196314569697,0.06382566202072226,1.6674526619931296,1.643738312113241,1.9427456006384514,
2019-07-01,330.51409912109375,339.13152356009556,311.48394729409415,316.510765835104,258256581,321.8267333984375,301.8555877685547,325.80738372802733,304.8300318400065,221.92788785298666,134.1049626191457,,5.995635986328125,4.12549743652346,-1.2431289672851449,4.948717244466138,3.6133200327555244,2.6021980126698736,,1.8983678413733829,1.385650147730333,-0.38010304800937256,1.6502252736688927,1.6550979940701316,1.9788162024250822,
2019-08-01,291.55615234375,335.54091017351794,280.2457885917678,334.2842129953571,453851342,315.5200500488281,307.1151062011719,322.25919647216796,308.4029602050781,224.9199536641439,136.36695351600648,,-6.306683349609386,5.259518432617199,-3.548187255859375,3.5729283650716184,2.9920658111572322,2.261990896860766,,-1.9596517924449164,1.7423955844242611,-1.0890444578816827,1.1721051050989972,1.3482153325134583,1.6867316858994563,
2019-09-01,296.4034729003906,315.0745648270719,290.2994723645764,294.0695938386005,312864024,305.34992065429685,308.83192443847656,316.38180389404295,311.6683797200521,228.15517349243163,138.65363575617474,,-10.170129394531273,1.7168182373046648,-5.877392578125011,3.265419514973985,3.2352198282877396,2.286682240168261,,-3.2232910057403363,0.5590145852936601,-1.8238091084648467,1.0588158793296332,1.4383872020170552,1.6768595185342017,
2019-10-01,287.965576171875,299.99406232575814,282.40018115550805,296.40348585443047,360735605,304.5900146484375,309.5259582519531,311.48437957763673,314.040944925944,231.13020184834798,140.854008436203,,-0.7599060058593636,0.6940338134765511,-4.897424316406216,2.372565205891931,2.9750283559163506,2.2003726800282664,,-0.24886399322817665,0.2247286496493084,-1.547947529260052,0.761246684063055,1.3039495490620778,1.5869563520841679,
2019-11-01,297.83966064453125,306.9956597676806,285.4521166870015,286.888358835615,387807636,300.8557922363281,308.34344482421875,308.08964385986326,316.02417348225913,234.26389427185057,143.12765051523846,,-3.734222412109375,-1.1825134277343636,-3.3947357177734716,1.9832285563151117,3.1336924235025947,2.2736420790354543,,-1.2259832011957017,-0.38204014758975724,-1.0898574504367264,0.631519102320488,1.3558126105729373,1.6141834402002564,
2019-12-01,337.15667724609375,345.95364688473603,292.09473642630957,300.71216091101064,376219991,302.18430786132814,312.0055206298828,307.4911636352539,318.95274861653644,238.22261594136555,145.69156713485717,,1.3285156250000227,3.662075805664074,-0.598480224609375,2.9285751342773096,3.958721669514972,2.563916619618709,,0.441578875754689,1.1876613131022618,-0.19425522296413478,0.9266933924729326,1.6898556569375112,1.7913496172046406,
2020-01-01,334.8227844238281,370.72872324587604,332.3093901019328,337.1566633153785,405134725,310.83763427734374,313.17884216308596,306.40989379882814,320.7856150309245,241.8546095530192,148.27063932418824,,8.653326416015602,1.1733215332031364,-1.0812698364257471,1.832866414388036,3.6319936116536553,2.5790721893310717,,2.8635922484719467,0.37605793988337854,-0.35164257198244675,0.5746513934550279,1.524621664194803,1.770227501873034,
2020-02-01,346.49224853515625,377.01231193817245,331.77082261911926,339.31106588626454,421134866,320.8553894042969,313.1026550292969,306.1122528076172,322.54315185546875,245.62352816263834,150.9367792447408,,10.017755126953148,-0.0761871337890625,-0.29764099121092613,1.7575368245442746,3.768918609619135,2.6661399205525527,,3.2228256884798023,-0.024327037312876776,-0.09713817903228561,0.5478851738332624,1.55834061487794,1.7981577018246542,
2020-03-01,341.2858581542969,365.16331313947876,291.91522010045225,345.2355246510175,832814752,331.5194458007812,318.0547302246094,307.28161468505857,323.9128458658854,249.13888003031414,153.55429819424947,,10.664056396484341,4.952075195312489,1.1693618774413608,1.3696940104166515,3.515351867675804,2.6175189495086784,,3.3236332468291385,1.581613926221448,0.38200427023620254,0.4246545005024416,1.4311950870391055,1.734182326273448,
2020-04-01,374.3193359375,376.65321487221496,331.77079051456514,344.33788122117846,373755378,346.815380859375,323.83558654785156,310.78283843994143,325.97887064615884,253.0025712331136,156.43604590098064,,15.295935058593784,5.780856323242176,3.501223754882858,2.0660247802734375,3.8636912027994583,2.8817477067311756,,4.613887737911315,1.817566529873571,1.1394185618528896,0.6378335427699833,1.5508182433546125,1.8766962179630475,
2020-05-01,368.3948669433594,401.2487780184619,359.0593210885479,374.31935196686004,501105622,353.0630187988281,327.6236633300781,314.73962554931643,326.4128102620443,256.84427579243976,159.28761552174885,,6.247637939453114,3.7880767822265398,3.956787109375,0.4339396158854356,3.8417045593261605,2.8515696207682026,,1.8014304682716364,1.1697530906371822,1.2731678265238688,0.13311893958809495,1.5184448682090457,1.8228341200679399,
2020-06-01,448.924560546875,454.6869202174692,377.43516945276457,377.6152292207745,500480503,375.8833740234375,343.3605041503906,325.23780517578126,329.2929656982422,262.03736101786296,162.83841055234274,,22.820355224609386,15.736840820312523,10.498179626464832,2.8801554361979242,5.193085225423204,3.550795030593889,,6.463535972203371,4.803328508190741,3.335512523452455,0.8823659322334088,2.0218808495540808,2.229172066493179,
2020-07-01,480.797607421875,507.8087464714598,448.9245271288101,448.9245271288101,524318072,402.74444580078125,361.79991760253904,335.3159210205078,331.52117513020835,267.9096263885498,166.626824537913,,26.86107177734374,18.439413452148415,10.07811584472654,2.2282094319661496,5.872265370686819,3.7884139855702585,,7.146118619140851,5.370277952548674,3.098691383456975,0.6766647526895708,2.2410030950840376,2.326486713251552,
2020-08-01,477.6463317871094,507.8087396864122,449.6448197519059,482.59834755115077,509004020,430.01654052734375,380.7679931640625,345.1469757080078,334.57891743977865,273.92024281819664,170.39976561864216,,27.2720947265625,18.96807556152345,9.8310546875,3.057742309570301,6.010616429646859,3.7729410807291686,,6.771563211092113,5.242697590208167,2.9318782888626105,0.9223369543044591,2.2435238743268027,2.264305937049582,
2020-09-01,460.5393371582031,499.7054525187592,451.5356331628175,483.9489556236914,363665193,447.2605407714844,397.0379608154297,352.6907028198242,337.7390828450521,279.6827339172363,173.99035045305888,,17.244000244140636,16.26996765136721,7.543727111816395,3.1601654052734602,5.762491099039664,3.590584834416717,,4.0100783618680635,4.272934685546681,2.1856564428362146,0.944520183595321,2.1037112992281726,2.1071536227652565,
2020-10-01,532.1187133789062,552.8272253696889,460.53930964067825,460.53930964067825,308825988,480.00531005859375,416.53416442871094,364.26984252929685,343.8388305664063,286.3822380065918,178.16591350237528,,32.744769287109364,19.49620361328124,11.579139709472656,6.099747721354163,6.699504089355514,4.175563049316395,,7.321184477984044,4.910412992561275,3.283086176328265,1.8060532615802094,2.395394236720394,2.399881969571016,
2020-11-01,506.90838623046875,569.934311273418,496.1039359761348,533.9194969631612,526783006,491.6020751953125,433.742724609375,373.46078338623045,348.8541707356771,292.54763844807945,182.1383879025777,,11.596765136718773,17.20856018066405,9.190940856933594,5.015340169270814,6.165400441487634,3.9724744002024295,,2.4159660098975078,4.1313682406498575,2.5231133033458253,1.458631115342346,2.152857134018804,2.2296489390769336,
2020-12-01,509.6095275878906,533.919534937593,467.29214160858965,515.9121265017078,407156811,497.3644592285156,450.05445251464846,381.5785537719727,354.0929860432943,298.7846908569336,186.1389114697774,,5.762384033203091,16.31172790527347,8.117770385742233,5.2388153076171875,6.23705240885414,4.000523567199707,,1.1721643019740435,3.7606919908486525,2.1736607287482945,1.5017207036881253,2.131978382030608,2.1964197735951707,
2021-01-01,613.602294921875,691.0341398391529,501.95640949409346,509.6095313095776,694324406,524.5556518554688,477.2860961914063,397.6704132080078,363.94977518717445,306.86740849812827,190.95778824488323,,27.191192626953182,27.231643676757812,16.091859436035122,9.856789143880178,8.082717641194677,4.818876775105821,,5.467055822430633,6.050744198752578,4.217181305648388,2.783672518911451,2.705198053492275,2.588860511246871,
2021-02-01,596.4952392578125,698.2370260502174,596.4952392578125,628.4583667031584,433905638,551.7468322753906,499.5036865234375,411.66963653564454,373.6897878011068,314.70939712524415,195.62827498118082,,27.191180419921807,22.21759033203125,13.999223327636741,9.740012613932322,7.841988627115882,4.67048673629759,,5.1836597935301265,4.654983773740873,3.5203079893987965,2.6761969035214106,2.5554973939709624,2.44582155000046,
2021-03-01,549.2257690429688,650.9675483450404,529.8677805816352,623.0561105061133,612723800,555.1682434082031,517.5867767333984,422.60522003173827,382.3553426106771,321.5194221496582,199.9289031346639,,3.4214111328125227,18.083090209960915,10.935583496093727,8.665554809570324,6.810025024414074,4.300628153483075,,0.6201052607230473,3.6202115615642017,2.656397879649508,2.318916677001215,2.1639090178498632,2.1983673647875124,
2021-04-01,560.9305419921875,592.4434710161631,542.9231369463266,564.9821693793409,630411678,565.9726745605469,528.7873748779297,436.07393951416014,393.08766174316406,328.5171282450358,204.28115043640136,,10.804431152343795,11.200598144531227,13.468719482421875,10.732319132486964,6.997706095377566,4.352247301737464,,1.946154392047883,2.1640039212787787,3.187068886988742,2.806896605447684,2.1764489524742636,2.1768975038121363,
2021-05-01,557.3291015625,562.7313116626495,510.05967376734014,557.7792956729404,415441199,575.5165893554688,536.4405242919922,449.12022094726564,402.3574554443359,335.2417439778646,208.59930381774902,,9.543914794921875,7.653149414062568,13.046281433105491,9.269793701171864,6.724615732828795,4.318153381347656,,1.6862854381322068,1.447301841468751,2.9917590231694824,2.3582001175169287,2.0469604640562356,2.11382859951732,
2021-06-01,527.3715209960938,577.9413969675621,516.0836145305415,558.9777308463283,346985978,558.2704345703125,541.4130432128907,461.09051818847655,410.5689982096354,341.4171579996745,212.6853455543518,,-17.24615478515625,4.9725189208984375,11.970297241210915,8.211542765299498,6.1754140218099,4.086041736602795,,-2.9966390377157537,0.9269469206229841,2.6652768419029638,2.0408576140912293,1.8420778834206342,1.9587993161150452,
2021-07-01,432.5530090332031,540.465490922109,381.08008520622525,527.3714821223568,902002004,525.4819885253906,538.6144104003906,467.82618560791013,414.66527201334634,345.8578816731771,215.9935117403666,,-32.7884460449219,-2.7986328125000455,6.735667419433582,4.096273803710915,4.440723673502589,3.3081661860148017,,-5.873219145154696,-0.516912706035344,1.4608123901347136,0.9977065539710672,1.3006738441384336,1.555427421382638,
2021-08-01,434.5396728515625,445.19546026858,372.2303694455477,429.84391225913146,963783341,502.5447692871094,528.8565063476562,472.6953353881836,419.13206380208334,350.10459594726564,219.34425258636475,,-22.937219238281273,-9.757904052734375,4.86914978027346,4.466791788736998,4.246714274088561,3.350740845998132,,-4.364986762466927,-1.8116678396110197,1.0408031722179745,1.0772042151128591,1.2278784145510757,1.5513155089704078,
2021-09-01,416.6596374511719,477.70467684890315,400.2244149900255,437.97121306158795,602296187,473.6905883789062,519.8316314697265,476.7871780395508,422.2510660807292,353.8870513916016,222.57639741897583,,-28.854180908203148,-9.024874877929733,4.0918426513671875,3.119002278645837,3.7824554443359375,3.232144832611084,,-5.7416140156298034,-1.7064883894984173,0.8656405817939694,0.7441574024073416,1.0803786891462774,1.4735489052025486,
2021-10-01,434.35906982421875,465.06219498489133,402.21105619316756,416.65961205799914,352864577,449.09658203125,512.3065856933594,481.1805191040039,425.1545644124349,358.0713775634766,225.92841046651205,,-24.594006347656205,-7.525045776367165,4.393341064453125,2.903498331705748,4.184326171875,3.352013047536218,,-5.191998099819417,-1.4475928975486774,0.9214469823868976,0.6876236829087556,1.1823903009225312,1.5060056171303904,
2021-11-01,414.85357666015625,459.64404712521116,405.46202495484863,430.20515558731626,548785374,426.5929931640625,492.4317138671875,484.85890502929686,429.25751342773435,362.11023025512696,229.17327795028686,,-22.503588867187545,-19.87487182617184,3.6783859252929574,4.10294901529943,4.038852691650391,3.2448674837748115,,-5.010857300539784,-3.8794878655079246,0.7644503007192327,0.96504879842223,1.1279462544962593,1.4362370261777224,
2021-12-01,412.50567626953125,434.3590884304324,387.4013321735347,417.7432738844036,430765730,422.5835266113281,474.0327575683594,486.7682220458984,432.45734354654945,366.1693290710449,232.3826465924581,,-4.009466552734352,-18.398956298828125,1.9093170166015625,3.1998301188151004,4.059098815917935,3.2093686421712277,,-0.9398810146870717,-3.7363467422389607,0.39378817152717627,0.7454336892704916,1.1209566802512283,1.4004113703288912,
2022-01-01,438.3975830078125,445.09636152893825,380.1770630801117,415.21476493502064,426729425,423.3551086425781,462.94993896484374,490.2683578491211,436.0534596761068,370.44174575805664,235.75866645177206,,0.7715820312499773,-11.082818603515648,3.5001358032226904,3.5961161295573447,4.2724166870117415,3.3760198593139705,,0.1825868692604482,-2.337985809328258,0.7190559376517136,0.8315539516720483,1.1667871522310858,1.4527848394956466,
2022-02-01,391.8783264160156,454.0280844592681,385.5517038027303,438.3975909937624,386276811,418.3988464355469,446.0447174072266,487.4160461425781,439.3975321451823,373.90024617513023,238.72904637654622,,-4.956262207031216,-16.905221557617153,-2.8523117065429915,3.3440724690755133,3.4585004170735942,2.9703799247741642,,-1.170710381391804,-3.6516305835177842,-0.581785803810897,0.766895066389206,0.9336151923148517,1.2599239593093836,
2022-03-01,348.15020751953125,408.43918375179965,276.32445446826284,391.8783156152936,1001933396,401.1570739746094,425.1268280029297,480.78367614746094,441.12242329915364,376.3954015096029,241.31368379592897,,-17.24177246093751,-20.917889404296886,-6.6323699951171875,1.7248911539713276,2.4951553344726562,2.5846374193827444,,-4.120893881000109,-4.689639533428092,-1.3607204866573297,0.3925582252477078,0.6673318244631465,1.0826656657883182,
2022-04-01,351.12744140625,363.7806558753894,302.56130702933575,341.45141518409076,417272532,388.41184692382814,407.50242004394534,474.45773162841795,443.2278188069661,378.6343818664551,243.883371925354,,-12.745227050781239,-17.624407958984364,-6.3259445190429915,2.1053955078124886,2.2389803568522098,2.5696881294250318,,-3.177116366041677,-4.145682370076842,-1.3157569262195135,0.47728145217971196,0.5948479571940446,1.0648746018058874,
2022-05-01,337.171630859375,358.0122771045118,307.02714443506324,351.1274359698113,551014903,373.34503784179685,397.9642822265625,468.2893463134766,444.53888448079425,380.2815289815267,246.38119878768921,,-15.066809082031284,-9.538137817382847,-6.168385314941361,1.311065673828125,1.6471471150716184,2.4978268623352164,,-3.8790807235563163,-2.340633416693394,-1.3000916422566067,0.295799500436833,0.43502312361389794,1.024189079647364,
2022-06-01,331.36175537109375,380.35539741501634,330.8007413525826,338.46768258456865,598157804,351.9378723144531,387.6464904785156,458.2514984130859,444.34572041829426,381.6492345174154,248.8109931310018,,-21.40716552734375,-10.317791748046886,-10.037847900390659,-0.19316406249998863,1.3677055358886605,2.4297943433125795,,-5.733882429800752,-2.592642658863775,-2.1435140430615784,-0.0434526807988056,0.3596560525965131,0.9861930842403277,
2022-07-01,286.8560485839844,333.97972456552316,285.1730665937552,331.36175925683784,426328590,330.93341674804685,374.6661315917969,447.2488815307617,442.7468292236328,381.76622212727864,250.86139771143596,,-21.00445556640625,-12.980358886718705,-11.002616882324219,-1.5988911946614621,0.11698760986325851,2.0504045804341615,,-5.968228263776898,-3.348504166952626,-2.400999652030822,-0.3598304475974978,0.030653175555617196,0.8240811849316465,
2022-08-01,305.9299011230469,312.84884324251203,269.27814927233146,282.36806493937524,481191446,322.48935546875,361.8232147216797,437.06490020751954,441.3947509765625,381.9689514160156,253.06312233606974,,-8.444061279296875,-12.842916870117222,-10.183981323242165,-1.3520782470703239,0.20272928873697538,2.2017246246337834,,-2.551589187418235,-3.427829682804029,-2.277027790072117,-0.3053840610086844,0.053102992613474065,0.8776657727014747,
2022-09-01,249.08230590820312,311.91387762244517,246.46432563110054,305.7429037261364,441040290,302.0803283691406,345.2460876464844,418.8389007568359,438.32129923502606,381.1170725504557,254.7512131690979,,-20.409027099609375,-16.57712707519528,-18.225999450683616,-3.0734517415364166,-0.851878865559911,1.6880908330281557,,-6.328589379312721,-4.581554306278179,-4.170089943628474,-0.6963045515916422,-0.2230230657235044,0.6670631490851342,
2022-10-01,192.2346954345703,264.2291913682026,185.68973716207827,246.8383125444449,696991494,273.0929412841797,323.21898956298827,398.6258735656738,432.2518112182617,379.1153409322103,255.95119686126708,,-28.987387084960915,-22.027098083496128,-20.213027191162098,-6.069488016764353,-2.001731618245401,1.1999836921691838,,-9.595920145299386,-6.380115190776858,-4.825967013722332,-1.3847120884513342,-0.525227485835178,0.47104140437308484,
2022-11-01,268.5301513671875,283.11606430156576,194.29166422292607,194.29166422292607,967604725,260.52662048339846,306.2322463989258,384.5910926818848,428.92298736572263,377.6678988138835,257.8174906094869,,-12.566320800781227,-16.98674316406249,-14.03478088378904,-3.328823852539074,-1.4474421183268191,1.8662937482198458,,-4.601481364435833,-5.255490460826451,-3.520790248322103,-0.7701121814058132,-0.38179465773336974,0.729160000463458,
2022-12-01,312.2878723144531,321.45081065890616,272.6441243543612,278.62808347640157,605188564,265.6129852294922,298.27320098876953,372.15895919799806,424.3684310913086,376.83069839477537,260.0545936902364,,5.08636474609375,-7.95904541015625,-12.43213348388673,-4.55455627441404,-0.8372004191081146,2.2371030807494776,,1.952339740428899,-2.599022638454629,-3.2325588710838904,-1.0618587505384913,-0.22167635156110643,0.867708034649195,
2023-01-01,376.2503967285156,410.1148942105297,307.42590133317674,312.28786233143813,533430738,279.6770843505859,301.08321990966795,363.10502395629885,420.8835240681966,376.2023495992025,262.7918559074402,,14.064099121093705,2.8100189208984148,-9.053935241699207,-3.4849070231119867,-0.6283487955728901,2.7372622172038064,,5.294959171119662,0.9420956732228314,-2.4328139946463767,-0.821198460533501,-0.16674564950507342,1.052572145856523,
2023-02-01,338.25128173828125,391.0169116673791,337.463717087089,379.5974795865078,454580578,297.51087951660156,299.7956039428711,353.6490119934082,416.23702239990234,375.40796991984047,265.21715342203777,,17.833795166015648,-1.2876159667968636,-9.45601196289067,-4.646501668294263,-0.7943796793620095,2.4252975145975597,,6.376566463221667,-0.4276611520174334,-2.6042085179269647,-1.1039875411092082,-0.2111575539622046,0.9228967565310775,
2023-03-01,379.7943420410156,391.41067260640443,325.25674510806147,341.99211063161357,577585144,335.02280883789064,304.05787506103513,351.01107864379884,413.54552256266277,375.6423027038574,268.0200379371643,,37.511929321289074,4.262271118164051,-2.637933349609341,-2.6914998372395758,0.23433278401694224,2.80288451512655,,12.608590779012463,1.4217256898057418,-0.7459184841886457,-0.6466267276565518,0.062420833544640786,1.056826256884813,
2023-04-01,339.038818359375,384.9134155860647,327.8162848853185,382.94454901017684,317397609,349.1245422363281,304.8255813598633,346.2360359191895,407.1095260620117,375.474178314209,270.4548323313395,,14.101733398437489,0.7677062988281591,-4.775042724609364,-6.435996500651072,-0.16812438964842613,2.434794394175185,,4.209186069256843,0.25248689864521,-1.3603680952346875,-1.5562969853399555,-0.04475651129766112,0.9084374485261559,
2023-05-01,305.7649841308594,348.8831499688392,301.23658501429736,339.0388171252347,408855321,347.81996459960936,306.71647491455076,340.6913032531738,400.40474599202474,374.6294583638509,272.5513154665629,,-1.3045776367187614,1.890893554687466,-5.544732666015648,-6.704780069986953,-0.8447199503580691,2.0964831352234228,,-0.373671134192477,0.6203198387261244,-1.6014314198392055,-1.6469229140478658,-0.22497417909019823,0.7751694126341135,
2023-06-01,328.7601013183594,361.27918187196804,308.5348180347141,309.9228220358648,409734819,338.3219055175781,308.999494934082,335.41135482788087,394.37643178304035,374.2347089131673,274.84304297765095,,-9.498059082031261,2.28302001953125,-5.279948425292957,-6.028314208984398,-0.3947494506836051,2.291727511088027,,-2.7307400519590352,0.7443421551344143,-1.5497749355137924,-1.5055551337307294,-0.10537063807198876,0.8408425793744456,
2023-07-01,351.3648376464844,359.89119148497554,317.25945254873875,328.95838275898586,383661840,340.9446166992187,319.22774810791014,332.23691787719724,385.635183207194,374.79247919718426,277.2530513763428,,2.622711181640625,10.228253173828136,-3.174436950683628,-8.741248575846328,0.5577702840169536,2.4100083986918435,,0.7752117550970494,3.3101197061859544,-0.9464309734870557,-2.2164733669113312,0.1490429056238085,0.8768671648304416,
2023-08-01,322.21661376953125,357.90830021784853,311.70738893072763,352.95112154447116,432675951,329.4290710449219,332.22593994140624,327.72246475219725,376.49256235758463,375.0911750793457,279.402782313029,,-11.51554565429683,12.998191833496094,-4.514453124999989,-9.142620849609386,0.2986958821614394,2.1497309366861828,,-3.3775414217658284,4.071761277187669,-1.3588053831719682,-2.3707953132215187,0.07969633830466893,0.7753678186820601,
2023-09-01,303.57763671875,332.1309740249774,293.86154828010956,322.21661659139596,306079102,322.3368347167969,335.7306884765625,320.98146743774413,368.3042912801107,375.3298169453939,281.3335755666097,,-7.092236328125011,3.5047485351562386,-6.740997314453125,-8.188271077473928,0.2386418660481695,1.9307932535807026,,-2.152887207443177,1.0549292255066955,-2.0569225608474073,-2.1748825597507793,0.0636223622157095,0.6910429586980849,
2023-10-01,286.7232360839844,314.4834375759689,280.17975396677286,303.5776441326892,284226746,318.5284851074219,333.1742248535156,315.7237129211426,359.16404774983727,376.12585474650064,283.0997662226359,155.45004813174833,-3.808349609375,-2.5564636230468523,-5.257754516601551,-9.140243530273438,0.7960378011067633,1.7661906560261968,,-1.1814813571402683,-0.7614625980863599,-1.6380243253829918,-2.4817097564909685,0.21209021110693005,0.627792346672118,
2023-11-01,324.1994934082031,329.75153971353217,281.96432399552384,286.32663528677585,402587439,317.6163635253906,327.96913452148436,314.5261772155762,351.39306081136067,376.8752581278483,285.1411515553792,156.83826387440186,-0.9121215820312614,-5.205090332031261,-1.1975357055663949,-7.770986938476597,0.7494033813476904,2.0413853327433458,1.3882157426535287,-0.28635479232685945,-1.562272812165988,-0.3792986261584641,-2.163631629379892,0.19924271939582017,0.7210833692946172,0.8930301143921016
2023-12-01,291.0855407714844,323.009753605464,261.3424684226859,322.01831786050406,511578371,305.5605041503906,323.2525604248047,311.5240821838379,343.5168614705404,377.0429298400879,286.83855686187746,158.08469436455184,-12.055859375000011,-4.716574096679665,-3.0020950317382926,-7.876199340820278,0.16767171223955302,1.69740530649824,1.2464304901499759,-3.795729930657765,-1.4381152371430561,-0.9544817726508836,-2.241421422106138,0.044489976092476624,0.5952859828331603,0.7947234682144533
2024-01-01,268.28253173828125,302.38791697910716,257.97160553843423,291.08555498588606,526884856,294.7736877441406,312.10137939453125,308.0796272277832,338.04117889404296,376.3532254536947,288.2739310582479,159.23338802971043,-10.786816406250011,-11.151181030273449,-3.444454956054699,-5.475682576497434,-0.6897043863932026,1.4353741963704465,1.1486936651585893,-3.5301736512847737,-3.4496806508257927,-1.105678550405631,-1.5940069296909942,-0.18292463054160324,0.5004118735200569,0.7266318031457386
2024-02-01,274.8260192871094,294.45643626923726,265.70479771096154,267.68766933567025,362490936,289.0233642578125,305.6800994873047,305.25284042358396,332.7173904418945,375.92472712198895,289.64750537872317,160.41007235812526,-5.750323486328114,-6.4212799072265625,-2.82678680419923,-5.323788452148449,-0.4284983317057254,1.3735743204752566,1.1766843284148365,-1.9507587432021078,-2.0574340041955907,-0.9175507090928847,-1.574893469951233,-0.11385536318685441,0.4764823220167358,0.7389683426162419
2024-03-01,301.19818115234375,306.94852689290224,263.523621100719,270.6619708971988,476659405,291.91835327148436,305.2234191894531,305.96994705200194,328.8686752319336,375.5598706563314,291.3630667368571,161.6993468805444,2.894989013671875,-0.4566802978515625,0.7171066284179801,-3.8487152099609148,-0.36485646565756724,1.7155613581339253,1.2892745224191344,1.0016453241093348,-0.14939811214976784,0.2349221803875423,-1.1567520425816324,-0.09705572401443874,0.5922928132561678,0.8037366378968791
2024-04-01,344.22650146484375,351.7613888933774,295.24955164206887,306.3536440465674,482030561,295.9237548828125,306.7700592041016,307.8847770690918,325.86425628662107,375.50941034952797,293.5201001485189,163.17232534813778,4.005401611328125,1.5466400146484602,1.9148300170898551,-3.0044189453125227,-0.05046030680341573,2.157033411661814,1.4729784675933786,1.3720965353634762,0.5067239003991642,0.6258229069681764,-0.9135619083190827,-0.013436021989043923,0.7403249271843881,0.9109365597385732
2024-05-01,356.71856689453125,397.5657314558208,342.4418982999797,346.011073012672,522995241,309.05036010742185,307.30543212890626,313.2665901184082,323.92642262776695,376.5919680277506,295.68802382151284,164.69986618972132,13.126605224609364,0.5353729248046761,5.381813049316406,-1.9378336588541174,1.0825576782226562,2.167923672993936,1.5275408415835443,4.435806523814745,0.17451928854910204,1.747995825109827,-0.5946751205353595,0.2882904258550978,0.738594621593891,0.9361519107633276
2024-06-01,372.3999938964844,392.0,366.6000061035156,366.79998779296875,350611692,329.8738525390625,312.3237701416016,322.2748550415039,322.58956654866535,377.5234550476074,297.91901143391925,166.29476507948192,20.82349243164066,5.018338012695324,9.00826492309568,-1.336856079101608,0.9314870198567746,2.230987612406409,1.5948988897606,6.737896187664272,1.6330131159511208,2.8755906972686596,-0.412703622093169,0.24734649141220366,0.7545072619353332,0.9683668400333634
2024-07-01,362.20001220703125,397.20001220703125,351.0,367.0,383307246,347.34865112304686,318.1860076904297,326.9583480834961,320.04964752197264,378.0515535990397,299.98972072601316,167.84547812821015,17.474798583984352,5.862237548828091,4.683493041992222,-2.5399190266927008,0.528098551432322,2.070709292093909,1.5507130487282268,5.297418528167541,1.876974508270779,1.453260460357364,-0.7873531229998787,0.13988496459531596,0.695057788399378,0.9325086378919156
2024-08-01,382.0,385.6000061035156,349.0,363.79998779296875,358965261,363.50901489257814,327.71368408203125,330.44395446777344,319.72036997477215,379.55895105997723,302.23945236206055,169.48076056896872,16.160363769531273,9.527676391601574,3.4856063842773324,-0.3292775472004905,1.5073974609375114,2.249731636047386,1.6352824407585729,4.652490722875013,2.9943731532252826,1.0660704657668552,-0.10288327131430242,0.3987280164800655,0.749936241349447,0.9742785203360915
2024-09-01,444.6000061035156,457.3999938964844,365.0,380.0,468957532,383.5837158203125,339.7537353515625,333.86143493652344,322.9353632609049,382.0288932800293,305.09203338623047,171.38489851803226,20.07470092773434,12.040051269531261,3.41748046875,3.214993286132767,2.4699422200520758,2.852581024169922,1.9041379490635393,5.522476776447127,3.6739543859015233,1.0342088038058694,1.0055641079066868,0.6507400795461082,0.943814912936225,1.123512747211608
2024-10-01,404.6000061035156,482.3999938964844,404.6000061035156,450.0,544216461,393.1600036621094,351.1051818847656,337.17887115478516,324.71778208414713,383.97280044555663,307.5515011469523,173.11725107436527,9.576287841796898,11.351446533203102,3.3174362182617188,1.7824188232422102,1.943907165527321,2.45946776072185,1.7323525563330122,2.4965313820263457,3.341080715847644,0.9936566105313904,0.5519429043768564,0.5088377344544037,0.8061396206987537,1.0107965003408603
2024-11-01,398.0,436.0,392.0,406.0,419599253,398.2800048828125,364.0769287109375,338.0891540527344,326.74539438883465,385.64213943481445,309.95301685333254,174.82101708931984,5.120001220703102,12.971746826171909,0.9102828979492301,2.0276123046875227,1.6693389892578239,2.4015157063802235,1.7037660149545673,1.302269094773778,3.694547245511548,0.2699703260858666,0.6244229347939001,0.43475448972447595,0.7808499381158018,0.984168824528453
2024-12-01,419.79998779296875,431.0,394.3999938964844,398.0,365496874,409.8,378.57432556152344,342.12721252441406,329.6933354695638,387.01952794392906,312.6210719426473,176.61819652221746,11.519995117187534,14.497396850585915,4.038058471679676,2.9479410807291515,1.3773885091146099,2.6680550893147483,1.7971794328976216,2.892436219733674,3.981959774797006,1.1943768154863088,0.9022135067100701,0.3571675313110978,0.8607933926248146,1.028011084033098
2025-01-01,402.0,425.0,364.79998779296875,417.0,681493121,413.8,388.6545074462891,346.93896331787107,333.531467183431,388.1391482035319,314.99687887827554,178.337939818018,4.0,10.080181884765636,4.8117507934570085,3.838131713867199,1.1196202596028115,2.3758069356282476,1.7197432958005265,0.9760858955587981,2.662669178585775,1.4064215348300158,1.1641520470532907,0.28929296295483464,0.7599637864667441,0.9737067469060001
2025-02-01,478.6000061035156,522.0,394.20001220703125,400.0,968130972,420.6,402.09185791015625,354.4309585571289,339.2871373494466,390.34094416300456,317.98223616282144,180.3849880710692,6.800000000000011,13.437350463867176,7.491995239257847,5.755670166015591,2.2017959594726904,2.9853572845458984,2.0470482530512015,1.643305944900919,3.4574024503560397,2.1594562823413765,1.7256753057276475,0.5672697458278808,0.947741861816831,1.1478478752979138
2025-03-01,533.5,547.0,473.20001220703125,483.6000061035156,271715584,446.3799987792969,419.77000122070314,363.5377166748047,348.7677271525065,393.54451319376625,321.3416966120402,182.66869995368907,25.779998779296875,17.678143310546886,9.106758117675781,9.4805898030599,3.2035690307616846,3.3594604492187727,2.2837118826198832,6.129338749238444,4.396543467064418,2.569402558610845,2.794267379872828,0.820710478535891,1.0564931204202876,1.2660210292666507
